Feature,Regime_ID,Start_Time,End_Time,Duration_Hours,Mean_Value,Std_Value,Sample_Count
Ore,0,2025-06-15 06:00:00,2025-06-15 12:35:00,6.583333333333333,183.80402170304112,1.5026533545804255,80
Ore,1,2025-06-15 12:35:00,2025-06-15 16:55:00,4.333333333333333,183.03000259451366,0.3594121535134177,53
Ore,2,2025-06-15 16:55:00,2025-06-15 23:25:00,6.5,182.2890331600398,1.3045227686188086,79
Ore,3,2025-06-15 23:25:00,2025-06-16 08:20:00,8.916666666666666,180.13049971497452,0.2803525013491879,108
Ore,4,2025-06-16 08:20:00,2025-06-16 11:55:00,3.5833333333333335,174.7500642974762,4.004035270973584,44
Ore,5,2025-06-16 11:55:00,2025-06-16 17:55:00,6.0,171.098035505948,0.32053415602714713,73
Ore,6,2025-06-16 21:25:00,2025-06-17 03:10:00,5.75,171.11644670053192,0.21175012477388655,70
Ore,7,2025-06-17 03:10:00,2025-06-17 08:25:00,5.25,171.15365057095516,0.2285958739194483,64
Ore,8,2025-06-17 08:25:00,2025-06-17 15:00:00,6.583333333333333,170.2723384721944,1.1319399531642456,80
Ore,9,2025-06-17 15:00:00,2025-06-18 03:45:00,12.75,168.87807639627383,0.465494554491812,154
Ore,10,2025-06-18 08:20:00,2025-06-19 01:35:00,17.25,170.48881030270047,1.6475776440531131,208
Ore,11,2025-06-19 01:35:00,2025-06-19 14:30:00,12.916666666666666,174.88687049501536,2.834793609669203,117
Ore,12,2025-06-19 14:30:00,2025-06-20 13:55:00,23.416666666666668,180.32847185430282,1.8038125719923301,146
Ore,13,2025-06-20 13:55:00,2025-06-21 02:45:00,12.833333333333334,178.7417334180986,1.9190233753275074,100
Ore,14,2025-06-21 02:45:00,2025-06-21 12:45:00,10.0,176.9760823171484,2.0515918346076076,104
Ore,15,2025-06-21 12:45:00,2025-06-21 16:00:00,3.25,177.04033713146114,0.30635359441513216,35
Ore,16,2025-06-21 16:00:00,2025-06-22 04:15:00,12.25,180.30900464816753,3.307328331925683,120
Ore,17,2025-06-22 04:15:00,2025-06-23 02:45:00,22.5,178.76139014854462,5.277662164236442,161
Ore,18,2025-06-23 04:10:00,2025-06-23 09:25:00,5.25,172.0429119852656,0.5515529315533264,47
Ore,19,2025-06-23 09:25:00,2025-06-25 04:30:00,43.083333333333336,177.14585544636657,5.577471453706686,229
Ore,20,2025-06-25 05:55:00,2025-06-25 11:20:00,5.416666666666667,184.9377048283208,0.3250043029214696,45
Ore,21,2025-06-25 14:05:00,2025-06-27 04:10:00,38.083333333333336,182.91846891040558,2.1494510781010505,135
Ore,22,2025-06-27 04:10:00,2025-06-27 07:45:00,3.5833333333333335,179.17779841309257,3.2085186394266096,40
Ore,23,2025-06-27 07:45:00,2025-06-28 05:15:00,21.5,176.3515540451021,3.1568509585127518,49
Ore,24,2025-06-28 05:15:00,2025-06-28 23:30:00,18.25,179.3790646046944,2.672500417236697,45
Ore,25,2025-06-28 23:30:00,2025-06-29 02:40:00,3.1666666666666665,180.06993874150476,0.17994245335967834,39
Ore,26,2025-06-29 04:00:00,2025-06-30 04:25:00,24.416666666666668,178.03642268628212,4.1301353372038,126
Ore,27,2025-06-30 04:25:00,2025-06-30 09:10:00,4.75,173.6166302070504,2.894370674391409,35
Ore,28,2025-06-30 09:10:00,2025-07-02 00:00:00,38.833333333333336,181.14164833077484,1.710736215160677,189
Ore,29,2025-07-02 02:15:00,2025-07-03 04:15:00,26.0,182.58901768640885,3.6989201266799125,313
Ore,30,2025-07-03 04:15:00,2025-07-03 07:30:00,3.25,185.0465820164291,0.20496548707489717,40
Ore,31,2025-07-03 07:30:00,2025-07-03 12:40:00,5.166666666666667,185.13174160936865,0.17721270146878246,63
Ore,32,2025-07-03 12:40:00,2025-07-03 22:55:00,10.25,184.24753878028721,1.700843314030132,124
Ore,33,2025-07-03 22:55:00,2025-07-04 05:10:00,6.25,184.8123336187342,0.935430001457347,76
Ore,34,2025-07-04 05:10:00,2025-07-04 13:05:00,7.916666666666667,184.95474053974854,0.9444270315227127,93
Ore,35,2025-07-04 13:05:00,2025-07-04 16:05:00,3.0,184.82840965711966,1.4838122859610123,37
Ore,36,2025-07-04 16:05:00,2025-07-04 21:05:00,5.0,182.86307693743362,2.5303489959823002,61
Ore,37,2025-07-04 23:00:00,2025-07-05 06:00:00,7.0,179.993744859113,0.1854038297434402,85
Ore,38,2025-07-05 10:40:00,2025-07-05 16:20:00,5.666666666666667,178.88391378731546,1.4486280297440914,58
Ore,39,2025-07-05 16:20:00,2025-07-05 19:45:00,3.4166666666666665,177.04751972935807,0.26900708836802095,42
Ore,40,2025-07-06 02:05:00,2025-07-06 07:25:00,5.333333333333333,177.03031742041992,0.2234947568316774,65
Ore,41,2025-07-06 07:25:00,2025-07-06 23:50:00,16.416666666666668,176.3462694614051,1.2354054419019982,198
Ore,42,2025-07-06 23:50:00,2025-07-07 18:50:00,19.0,172.31134916992514,2.959388245926809,195
Ore,43,2025-07-07 18:50:00,2025-07-07 22:50:00,4.0,173.99994791142117,0.21202312094029102,49
Ore,44,2025-07-07 22:50:00,2025-07-08 08:35:00,9.75,174.5011791447929,0.7933886810572538,118
Ore,45,2025-07-08 11:30:00,2025-07-08 21:05:00,9.583333333333334,177.06189113785405,0.9416463089764268,116
Ore,46,2025-07-08 21:05:00,2025-07-09 04:20:00,7.25,175.33183202616203,2.255258458206318,88
Ore,47,2025-07-09 04:20:00,2025-07-09 09:30:00,5.166666666666667,172.77543186426993,1.6845245223828884,49
Ore,48,2025-07-09 09:30:00,2025-07-12 13:10:00,75.66666666666667,171.7002021634657,2.8703934322792297,69
Ore,49,2025-07-12 14:45:00,2025-07-13 00:00:00,9.25,169.4776379202469,3.3899102132305297,91
Ore,50,2025-07-13 02:35:00,2025-07-15 02:00:00,47.416666666666664,163.41700468761832,2.103812930022659,375
Ore,51,2025-07-15 03:35:00,2025-07-15 23:15:00,19.666666666666668,167.27895472351136,2.681887621793136,103
Ore,52,2025-07-15 23:15:00,2025-07-16 10:00:00,10.75,176.20670661030223,3.737943128396755,28
Ore,53,2025-07-16 10:00:00,2025-07-16 13:50:00,3.8333333333333335,177.0649268449522,0.23057923780204956,47
Ore,54,2025-07-16 13:50:00,2025-07-22 08:15:00,138.41666666666666,173.1654541350352,5.712631102011864,387
Ore,55,2025-07-22 08:15:00,2025-07-25 00:45:00,64.5,168.45772691534057,3.6724697291806048,310
Ore,56,2025-07-25 03:30:00,2025-07-25 14:15:00,10.75,173.26762951765505,3.301579802603071,58
Ore,57,2025-07-26 00:25:00,2025-07-26 23:45:00,23.333333333333332,177.0463341487145,1.6482676843467872,176
Ore,58,2025-07-26 23:45:00,2025-07-27 05:35:00,5.833333333333333,174.23498538117715,1.376444220481454,63
Ore,59,2025-07-27 05:35:00,2025-07-27 18:40:00,13.083333333333334,173.78258845900032,0.8459607868186967,102
Ore,60,2025-07-27 18:40:00,2025-07-28 10:35:00,15.916666666666666,170.65557539127335,2.6460866642231373,137
Ore,61,2025-07-28 10:35:00,2025-07-28 17:30:00,6.916666666666667,173.63924508024823,0.8800809343393683,84
Ore,62,2025-07-28 17:30:00,2025-07-28 22:40:00,5.166666666666667,172.90006357893725,3.468908436198353,63
Ore,63,2025-07-28 22:40:00,2025-07-31 04:20:00,53.666666666666664,169.40033110188634,2.784504655806905,364
Ore,64,2025-07-31 04:20:00,2025-08-04 23:45:00,115.41666666666667,168.8659020682154,3.5650020284542636,728
Ore,65,2025-08-04 23:45:00,2025-08-05 06:40:00,6.916666666666667,171.17199368314039,1.5360359670484507,74
Ore,66,2025-08-05 06:40:00,2025-08-05 18:35:00,11.916666666666666,171.68723999737696,2.162070814723278,28
Ore,67,2025-08-05 18:35:00,2025-08-07 04:00:00,33.416666666666664,174.7572045689808,1.6120048445235746,181
Ore,68,2025-08-07 04:00:00,2025-08-07 13:00:00,9.0,175.30664730396802,2.0269375662676956,83
Ore,69,2025-08-07 13:00:00,2025-08-08 03:45:00,14.75,176.55680997894171,3.1208724043928266,52
Ore,70,2025-08-08 06:00:00,2025-08-09 03:20:00,21.333333333333332,176.1871167277786,4.81191121537921,171
Ore,71,2025-08-09 05:30:00,2025-08-09 18:50:00,13.333333333333334,171.3518218281549,0.8180558828680682,159
Ore,72,2025-08-09 18:50:00,2025-08-12 09:15:00,62.416666666666664,174.6352198535352,4.4406563328697874,348
Ore,73,2025-08-12 09:15:00,2025-08-12 14:10:00,4.916666666666667,182.1989741104642,4.718555145313088,33
Ore,74,2025-08-12 14:10:00,2025-08-12 21:30:00,7.333333333333333,182.33561871856708,3.039281345888709,87
Ore,75,2025-08-12 21:30:00,2025-08-15 04:55:00,55.416666666666664,180.56700430270328,1.547123040908158,105
Ore,76,2025-08-15 04:55:00,2025-08-15 10:40:00,5.75,180.05971062127844,0.1536900050817549,39
Ore,77,2025-08-15 13:20:00,2025-08-18 03:45:00,62.416666666666664,183.6162769914144,2.3203768849368784,305
Ore,78,2025-08-18 06:30:00,2025-08-18 09:30:00,3.0,185.877450798675,0.1802511815558015,18
Ore,79,2025-08-18 09:30:00,2025-08-18 15:15:00,5.75,186.08847417423434,0.19707451656410588,16
Ore,80,2025-08-18 15:15:00,2025-08-18 21:40:00,6.416666666666667,185.74250353090042,0.7507440616606615,34
Ore,81,2025-08-18 21:40:00,2025-08-19 06:00:00,8.333333333333334,186.0208836510826,0.45631854928377713,96
Ore,82,2025-08-19 08:20:00,2025-08-21 04:45:00,44.416666666666664,183.37421120202333,2.428359469179369,317
Ore,83,2025-08-21 04:45:00,2025-08-21 23:30:00,18.75,173.50687046897633,12.793583797177224,73
Ore,84,2025-08-21 23:30:00,2025-08-22 08:25:00,8.916666666666666,166.47488788841153,7.866756006275931,95
Ore,85,2025-08-22 08:25:00,2025-08-23 01:40:00,17.25,176.7716724472945,1.7660791119580754,130
Ore,86,2025-08-23 04:15:00,2025-08-23 08:30:00,4.25,178.04676956216684,0.20995635465226722,52
Ore,87,2025-08-23 08:30:00,2025-08-23 19:40:00,11.166666666666666,177.62244651920827,0.542386375121719,92
WaterMill,0,2025-06-15 06:00:00,2025-06-15 17:15:00,11.25,15.312570314351854,0.45180499622705705,136
WaterMill,1,2025-06-15 17:15:00,2025-06-16 21:05:00,27.833333333333332,13.761164460012154,1.2221875924342263,335
WaterMill,2,2025-06-16 21:05:00,2025-06-19 09:10:00,60.083333333333336,12.016668889585794,0.20444278390270096,722
WaterMill,3,2025-06-19 09:10:00,2025-06-21 05:25:00,44.25,13.336315487151513,1.8523585390447808,288
WaterMill,4,2025-06-21 05:25:00,2025-06-23 09:25:00,52.0,15.021528750681139,1.3976711211599144,462
WaterMill,5,2025-06-23 09:25:00,2025-06-25 09:35:00,48.166666666666664,14.183891642467897,1.5924123095705842,269
WaterMill,6,2025-06-25 09:35:00,2025-06-25 22:45:00,13.166666666666666,16.77948025380675,0.1339337833941486,68
WaterMill,7,2025-06-25 22:45:00,2025-06-26 10:40:00,11.916666666666666,16.84295755966246,0.19328473235271423,121
WaterMill,8,2025-06-26 10:40:00,2025-06-27 07:20:00,20.666666666666668,16.58533065684479,0.09466430962515983,36
WaterMill,9,2025-06-27 07:20:00,2025-07-04 13:05:00,173.75,16.434122180828457,0.46678549356426646,1229
WaterMill,10,2025-07-04 13:05:00,2025-07-07 07:25:00,66.33333333333333,14.754080650489987,0.48110417582899356,786
WaterMill,11,2025-07-07 07:25:00,2025-07-07 11:40:00,4.25,13.864640911716778,1.314964533603913,26
WaterMill,12,2025-07-07 11:40:00,2025-07-08 05:55:00,18.25,13.536330755899451,0.4881949951851711,212
WaterMill,13,2025-07-08 05:55:00,2025-07-08 19:00:00,13.083333333333334,13.44440041701115,0.11089814104595362,146
WaterMill,14,2025-07-08 19:00:00,2025-07-09 06:15:00,11.25,13.456110887728846,0.06977038783635597,136
WaterMill,15,2025-07-09 06:15:00,2025-07-12 13:00:00,78.75,14.718776616592166,3.2568997465442466,92
WaterMill,16,2025-07-12 14:55:00,2025-07-13 06:05:00,15.166666666666666,15.94202225614821,0.6069681704941412,162
WaterMill,17,2025-07-13 06:05:00,2025-07-13 10:20:00,4.25,15.09272747074213,0.11109139047979222,52
WaterMill,18,2025-07-13 10:20:00,2025-07-14 01:50:00,15.5,14.967076351578635,0.056735468893960354,68
WaterMill,19,2025-07-14 01:50:00,2025-07-14 05:20:00,3.5,14.976297876753963,0.02596018281229439,43
WaterMill,20,2025-07-14 05:20:00,2025-07-14 21:25:00,16.083333333333332,15.10555300108358,0.255951009116959,118
WaterMill,21,2025-07-15 00:20:00,2025-07-15 04:20:00,4.0,15.359919187496377,0.031134818619329915,49
WaterMill,22,2025-07-15 06:40:00,2025-07-15 23:15:00,16.583333333333332,15.561142181875635,0.26630792457357566,66
WaterMill,23,2025-07-15 23:15:00,2025-07-16 11:30:00,12.25,16.360015462959044,0.23919510254386847,46
WaterMill,24,2025-07-16 11:30:00,2025-07-16 16:35:00,5.083333333333333,16.427127500931064,0.08826700200181255,62
WaterMill,25,2025-07-16 16:35:00,2025-07-17 11:25:00,18.833333333333332,16.507047934420445,0.053407246785079576,70
WaterMill,26,2025-07-17 11:25:00,2025-07-17 20:25:00,9.0,16.471461618828748,0.028708665029630428,26
WaterMill,27,2025-07-17 20:25:00,2025-07-18 13:00:00,16.583333333333332,16.25919881655426,0.29078856600279657,82
WaterMill,28,2025-07-18 13:00:00,2025-07-22 00:30:00,83.5,15.805006456805446,0.3009672441015296,125
WaterMill,29,2025-07-22 00:30:00,2025-07-22 08:50:00,8.333333333333334,15.048626625898464,0.3232426154702127,56
WaterMill,30,2025-07-22 08:50:00,2025-07-24 17:30:00,56.666666666666664,15.517520002330064,0.37073895667420514,222
WaterMill,31,2025-07-24 17:30:00,2025-07-25 00:20:00,6.833333333333333,15.758845905606849,0.08910105801270082,83
WaterMill,32,2025-07-25 00:20:00,2025-07-25 03:30:00,3.1666666666666665,15.894820482333412,0.14445558146747245,39
WaterMill,33,2025-07-25 03:30:00,2025-07-25 14:20:00,10.833333333333334,16.033809799525482,0.2998429191212336,59
WaterMill,34,2025-07-25 14:20:00,2025-07-25 20:50:00,6.5,16.346811798685753,0.05864871900521379,79
WaterMill,35,2025-07-26 00:55:00,2025-07-26 03:55:00,3.0,16.381543286896104,0.0660297856968867,37
WaterMill,36,2025-07-26 03:55:00,2025-07-27 05:30:00,25.583333333333332,16.309313871029513,0.22075664527149905,195
WaterMill,37,2025-07-27 05:30:00,2025-07-27 09:55:00,4.416666666666667,16.103342527703152,0.03396619085470151,46
WaterMill,38,2025-07-27 09:55:00,2025-07-27 18:40:00,8.75,16.051795864069934,0.08571326841094927,58
WaterMill,39,2025-07-27 18:40:00,2025-07-28 05:55:00,11.25,15.698525050861367,0.2680006161014529,88
WaterMill,40,2025-07-28 05:55:00,2025-07-28 11:30:00,5.583333333333333,15.963424205307803,0.0600178649154865,61
WaterMill,41,2025-07-28 11:30:00,2025-07-28 19:05:00,7.583333333333333,16.091477685448055,0.09135686983635866,92
WaterMill,42,2025-07-28 19:05:00,2025-07-28 22:40:00,3.5833333333333335,15.933395933440579,0.24412324904447572,44
WaterMill,43,2025-07-29 00:35:00,2025-07-30 16:40:00,40.083333333333336,15.670887065048472,0.2640286340523933,291
WaterMill,44,2025-07-30 16:40:00,2025-07-31 15:00:00,22.333333333333332,15.717120681089407,0.11264296542350188,172
WaterMill,45,2025-07-31 15:00:00,2025-08-01 21:35:00,30.583333333333332,15.831624972167344,0.286988571418202,126
WaterMill,46,2025-08-01 21:35:00,2025-08-02 07:00:00,9.416666666666666,15.09704941607541,0.11116263189052845,109
WaterMill,47,2025-08-02 07:00:00,2025-08-03 01:10:00,18.166666666666668,15.299196454356274,0.16111009093498316,111
WaterMill,48,2025-08-03 01:10:00,2025-08-04 03:15:00,26.083333333333332,15.727987308759277,0.18997298699743406,149
WaterMill,49,2025-08-04 05:15:00,2025-08-05 06:40:00,25.416666666666668,15.86616035865722,0.17457021068523823,172
WaterMill,50,2025-08-05 06:40:00,2025-08-05 18:35:00,11.916666666666666,15.894192205469853,0.3398953463611581,28
WaterMill,51,2025-08-05 18:35:00,2025-08-06 06:40:00,12.083333333333334,16.038366237483448,0.08671145100250433,51
WaterMill,52,2025-08-06 06:40:00,2025-08-06 21:15:00,14.583333333333334,16.10357994183816,0.14971032850834137,56
WaterMill,53,2025-08-06 23:50:00,2025-08-07 13:05:00,13.25,16.214870845727972,0.14875754384577447,134
WaterMill,54,2025-08-07 13:05:00,2025-08-08 04:15:00,15.166666666666666,16.31821949416632,0.26958292232373604,52
WaterMill,55,2025-08-08 04:15:00,2025-08-08 09:55:00,5.666666666666667,16.613140675314014,0.13717774766456067,64
WaterMill,56,2025-08-08 09:55:00,2025-08-09 03:45:00,17.833333333333332,16.12722621082722,0.44872271968229155,129
WaterMill,57,2025-08-09 03:45:00,2025-08-09 11:05:00,7.333333333333333,15.740861921682532,0.05554953591770459,89
WaterMill,58,2025-08-09 17:35:00,2025-08-10 10:15:00,16.666666666666668,16.176207721770417,0.20759244931566356,199
WaterMill,59,2025-08-10 10:15:00,2025-08-12 10:25:00,48.166666666666664,16.22990810948944,0.697737762332889,177
WaterMill,60,2025-08-12 10:25:00,2025-08-12 14:10:00,3.75,17.281873527471667,0.48875892020876943,19
WaterMill,61,2025-08-12 14:10:00,2025-08-12 18:00:00,3.8333333333333335,16.817476849126678,0.26200718157285596,45
WaterMill,62,2025-08-12 18:00:00,2025-08-12 22:00:00,4.0,16.927320792837175,0.04700208444293096,49
WaterMill,63,2025-08-12 22:00:00,2025-08-15 04:20:00,54.333333333333336,16.685940277619796,0.1593260701023071,92
WaterMill,64,2025-08-15 04:20:00,2025-08-15 07:55:00,3.5833333333333335,16.634190630568185,0.029108832998662987,41
WaterMill,65,2025-08-15 07:55:00,2025-08-15 17:30:00,9.583333333333334,16.64414146145075,0.044681897353218376,58
WaterMill,66,2025-08-15 20:05:00,2025-08-16 06:35:00,10.5,16.874472975266357,0.14073455240284474,102
WaterMill,67,2025-08-16 06:35:00,2025-08-17 01:50:00,19.25,17.097493124215678,0.09849849098820151,47
WaterMill,68,2025-08-17 06:15:00,2025-08-18 00:30:00,18.25,17.207591727793595,0.13378786944477133,41
WaterMill,69,2025-08-18 00:30:00,2025-08-18 03:45:00,3.25,17.28964834362464,0.07558847035915031,19
WaterMill,70,2025-08-18 06:20:00,2025-08-18 09:35:00,3.25,17.218210917547047,0.09123039867852012,21
WaterMill,71,2025-08-18 09:35:00,2025-08-18 21:40:00,12.083333333333334,17.190999654063507,0.09795951844175202,48
WaterMill,72,2025-08-18 21:40:00,2025-08-19 01:40:00,4.0,17.21165743781057,0.0837083269841098,49
WaterMill,73,2025-08-19 01:40:00,2025-08-19 09:55:00,8.25,17.21377615973978,0.055708503218805897,78
WaterMill,74,2025-08-19 09:55:00,2025-08-19 15:05:00,5.166666666666667,17.047166342348426,0.18243608532766908,59
WaterMill,75,2025-08-19 15:05:00,2025-08-20 03:35:00,12.5,16.739374998653986,0.1411631106311617,116
WaterMill,76,2025-08-20 03:35:00,2025-08-20 07:15:00,3.6666666666666665,16.92007697001139,0.10902335775827325,45
WaterMill,77,2025-08-20 07:15:00,2025-08-21 23:10:00,39.916666666666664,16.712618161149695,0.9591173931131388,158
WaterMill,78,2025-08-21 23:10:00,2025-08-22 02:20:00,3.1666666666666665,14.788146779772417,0.029136167792150433,29
WaterMill,79,2025-08-22 02:20:00,2025-08-22 07:00:00,4.666666666666667,15.398803239384662,0.6989717666680827,57
WaterMill,80,2025-08-22 08:40:00,2025-08-22 13:15:00,4.583333333333333,16.28883938346169,0.1749653433781703,20
WaterMill,81,2025-08-22 13:15:00,2025-08-22 20:45:00,7.5,16.27868562628758,0.19029614877048615,61
WaterMill,82,2025-08-22 20:45:00,2025-08-23 04:25:00,7.666666666666667,16.457699193787086,0.032297951238151275,81
WaterMill,83,2025-08-23 06:00:00,2025-08-23 09:35:00,3.5833333333333335,16.472610404353528,0.07419700602200774,44
WaterMill,84,2025-08-23 11:25:00,2025-08-23 18:00:00,6.583333333333333,16.41975781427462,0.10859084669075972,51
WaterMill,85,2025-08-23 18:00:00,2025-08-23 22:00:00,4.0,16.36195831959001,0.030769011241285452,28
WaterZumpf,0,2025-06-15 06:00:00,2025-06-15 13:50:00,7.833333333333333,222.47078571029908,2.483663921431027,95
WaterZumpf,1,2025-06-15 13:50:00,2025-06-15 17:40:00,3.8333333333333335,224.16130778500505,0.3883767757736034,47
WaterZumpf,2,2025-06-15 17:40:00,2025-06-16 22:45:00,29.083333333333332,228.51867526835568,3.4093879570691494,350
WaterZumpf,3,2025-06-16 22:45:00,2025-06-17 03:55:00,5.166666666666667,234.55846163849108,1.8776981320273716,63
WaterZumpf,4,2025-06-17 05:55:00,2025-06-17 17:45:00,11.833333333333334,235.19342264723306,2.0265731584360984,143
WaterZumpf,5,2025-06-17 17:45:00,2025-06-18 00:00:00,6.25,234.12882533917596,1.3778680178082043,76
WaterZumpf,6,2025-06-18 00:00:00,2025-06-18 04:00:00,4.0,236.33908727037516,0.4232408261165965,49
WaterZumpf,7,2025-06-18 04:00:00,2025-06-18 08:20:00,4.333333333333333,236.12758299513078,0.563473667381267,53
WaterZumpf,8,2025-06-18 09:50:00,2025-06-20 00:40:00,38.833333333333336,220.72532044699688,32.795952796296916,337
WaterZumpf,9,2025-06-20 00:40:00,2025-06-20 03:45:00,3.0833333333333335,146.97897640262036,4.4422725622892925,28
WaterZumpf,10,2025-06-20 06:50:00,2025-06-20 10:15:00,3.4166666666666665,160.71081645509489,10.560697263979838,24
WaterZumpf,11,2025-06-20 10:15:00,2025-06-20 13:45:00,3.5,151.0095860936325,9.96662498792965,26
WaterZumpf,12,2025-06-20 13:45:00,2025-06-20 19:45:00,6.0,144.01909539425478,5.212846224511026,24
WaterZumpf,13,2025-06-20 19:45:00,2025-06-21 01:10:00,5.416666666666667,152.72998129690671,7.203150694570533,60
WaterZumpf,14,2025-06-21 01:10:00,2025-06-21 06:10:00,5.0,166.64942851751917,7.045254318807892,47
WaterZumpf,15,2025-06-21 06:10:00,2025-06-21 15:10:00,9.0,160.39076779005703,10.727685005886539,101
WaterZumpf,16,2025-06-21 17:00:00,2025-06-22 00:25:00,7.416666666666667,152.4771857170324,7.099232496276979,68
WaterZumpf,17,2025-06-22 02:05:00,2025-06-22 06:35:00,4.5,168.30964339741507,9.234118445818954,55
WaterZumpf,18,2025-06-22 06:35:00,2025-06-22 13:40:00,7.083333333333333,157.80487286717013,8.740511726552871,78
WaterZumpf,19,2025-06-22 13:40:00,2025-06-23 21:25:00,31.75,154.52103596783908,8.505092812519786,167
WaterZumpf,20,2025-06-23 21:25:00,2025-06-24 01:10:00,3.75,151.22263492052645,10.01598350080621,18
WaterZumpf,21,2025-06-24 01:10:00,2025-06-25 05:20:00,28.166666666666668,176.27975138991968,30.832440098735837,174
WaterZumpf,22,2025-06-25 05:20:00,2025-06-26 06:10:00,24.833333333333332,177.40496341122247,26.14438807588766,165
WaterZumpf,23,2025-06-26 06:10:00,2025-06-27 06:05:00,23.916666666666668,188.3404280976053,33.68633194756938,74
WaterZumpf,24,2025-06-27 07:35:00,2025-06-28 01:35:00,18.0,154.05177753078536,26.26024728551952,30
WaterZumpf,25,2025-06-28 01:35:00,2025-06-29 01:45:00,24.166666666666668,147.60176429923345,4.38982661142005,93
WaterZumpf,26,2025-06-29 04:10:00,2025-06-29 12:05:00,7.916666666666667,156.15213459131752,10.478256377473052,63
WaterZumpf,27,2025-06-29 12:05:00,2025-06-30 01:55:00,13.833333333333334,143.85078313124382,4.183994832541541,32
WaterZumpf,28,2025-06-30 03:55:00,2025-06-30 10:25:00,6.5,169.1597024187818,23.71358532805613,53
WaterZumpf,29,2025-06-30 10:25:00,2025-07-01 22:55:00,36.5,210.2677268471343,6.666143093587098,176
WaterZumpf,30,2025-07-01 22:55:00,2025-07-02 02:45:00,3.8333333333333335,209.38648044024714,0.1827938299169971,35
WaterZumpf,31,2025-07-02 02:45:00,2025-07-02 05:45:00,3.0,209.69542367998528,0.30826122991020327,37
WaterZumpf,32,2025-07-02 05:45:00,2025-07-02 09:35:00,3.8333333333333335,210.4067956660717,1.1796344262670864,47
WaterZumpf,33,2025-07-02 09:35:00,2025-07-03 10:25:00,24.833333333333332,205.1278410509477,18.096065878962847,299
WaterZumpf,34,2025-07-03 10:25:00,2025-07-03 14:05:00,3.6666666666666665,212.25818091997684,0.30928214641409957,45
WaterZumpf,35,2025-07-03 14:05:00,2025-07-03 23:00:00,8.916666666666666,211.90938294924914,0.9839275837787368,108
WaterZumpf,36,2025-07-03 23:00:00,2025-07-04 07:45:00,8.75,211.90087164973986,0.7368055741911119,106
WaterZumpf,37,2025-07-04 07:45:00,2025-07-04 12:25:00,4.666666666666667,212.3234682852931,0.5449567642602776,57
WaterZumpf,38,2025-07-04 17:15:00,2025-07-07 07:15:00,62.0,213.9866577993571,2.607936993427669,734
WaterZumpf,39,2025-07-07 07:15:00,2025-07-07 11:45:00,4.5,214.83690249249597,7.7169821137271315,29
WaterZumpf,40,2025-07-07 11:45:00,2025-07-07 21:55:00,10.166666666666666,210.47524476978157,4.541837029533167,115
WaterZumpf,41,2025-07-08 04:00:00,2025-07-08 09:40:00,5.666666666666667,214.18561317975693,8.14096010460761,57
WaterZumpf,42,2025-07-08 12:35:00,2025-07-08 18:30:00,5.916666666666667,222.87179579567822,2.4233359878885663,72
WaterZumpf,43,2025-07-08 20:10:00,2025-07-09 02:15:00,6.083333333333333,225.16061339388673,0.3482072784674691,74
WaterZumpf,44,2025-07-09 02:15:00,2025-07-09 06:50:00,4.583333333333333,222.08600205301485,2.3741330045362345,56
WaterZumpf,45,2025-07-09 06:50:00,2025-07-12 07:30:00,72.66666666666667,213.0796735189086,11.916276199625399,28
WaterZumpf,46,2025-07-12 13:20:00,2025-07-14 04:15:00,38.916666666666664,172.22475162268026,21.176237501953167,328
WaterZumpf,47,2025-07-14 07:40:00,2025-07-14 16:00:00,8.333333333333334,193.76333028983274,21.863605572392153,29
WaterZumpf,48,2025-07-14 16:00:00,2025-07-14 21:30:00,5.5,175.63988677627677,12.764184589065009,63
WaterZumpf,49,2025-07-14 21:30:00,2025-07-15 05:20:00,7.833333333333333,204.81154493053637,17.591379247142523,95
WaterZumpf,50,2025-07-15 05:20:00,2025-07-18 03:05:00,69.75,183.68644519897714,28.20012930304684,302
WaterZumpf,51,2025-07-18 03:05:00,2025-07-18 11:20:00,8.25,145.96773390921783,5.691700450937468,45
WaterZumpf,52,2025-07-18 11:20:00,2025-07-19 03:50:00,16.5,148.17965928552388,7.336118177131569,64
WaterZumpf,53,2025-07-19 05:20:00,2025-07-21 09:05:00,51.75,147.88945224496806,10.198661768462754,37
WaterZumpf,54,2025-07-21 09:05:00,2025-07-22 00:20:00,15.25,145.46761059183635,9.06298036015361,23
WaterZumpf,55,2025-07-22 00:20:00,2025-07-25 09:35:00,81.25,174.09500381557157,25.860619939932054,400
WaterZumpf,56,2025-07-25 09:35:00,2025-07-25 14:20:00,4.75,189.29313427130117,12.405010999192498,58
WaterZumpf,57,2025-07-25 14:20:00,2025-07-26 00:35:00,10.25,190.15392616138863,3.4456022069910395,124
WaterZumpf,58,2025-07-26 00:35:00,2025-07-26 06:45:00,6.166666666666667,194.71965066972282,0.3337573863918078,75
WaterZumpf,59,2025-07-26 06:45:00,2025-07-28 07:30:00,48.75,180.80738497086017,16.49586768697444,369
WaterZumpf,60,2025-07-28 07:30:00,2025-07-30 00:40:00,41.166666666666664,189.6433548958929,28.399407941662954,308
WaterZumpf,61,2025-07-30 02:10:00,2025-07-31 14:25:00,36.25,192.17759368816309,38.115203583127936,321
WaterZumpf,62,2025-07-31 14:25:00,2025-08-01 21:50:00,31.416666666666668,184.87511448744942,39.2884729668024,136
WaterZumpf,63,2025-08-01 21:50:00,2025-08-02 03:50:00,6.0,156.28997811173446,8.644536077931887,70
WaterZumpf,64,2025-08-02 06:00:00,2025-08-03 02:50:00,20.833333333333332,155.67867089226652,11.460155013123037,143
WaterZumpf,65,2025-08-03 02:50:00,2025-08-03 18:45:00,15.916666666666666,159.54001940698856,13.249462929057644,97
WaterZumpf,66,2025-08-03 18:45:00,2025-08-04 03:45:00,9.0,165.82612280639583,16.92479748829437,39
WaterZumpf,67,2025-08-04 05:25:00,2025-08-04 19:45:00,14.333333333333334,153.99908150501685,10.09033500429951,59
WaterZumpf,68,2025-08-04 19:45:00,2025-08-05 02:35:00,6.833333333333333,154.6072748114683,9.933360736695038,66
WaterZumpf,69,2025-08-05 02:35:00,2025-08-06 04:25:00,25.833333333333332,153.61546702231496,8.819155407570962,104
WaterZumpf,70,2025-08-06 04:25:00,2025-08-07 04:15:00,23.833333333333332,164.78399541436053,24.092517997677785,154
WaterZumpf,71,2025-08-07 04:15:00,2025-08-07 17:35:00,13.333333333333334,157.28095498864053,11.48642655373236,104
WaterZumpf,72,2025-08-07 17:35:00,2025-08-08 04:15:00,10.666666666666666,148.69223701663603,7.97939558510098,29
WaterZumpf,73,2025-08-08 04:15:00,2025-08-08 12:20:00,8.083333333333334,203.4688117398968,28.454624280173718,93
WaterZumpf,74,2025-08-08 12:20:00,2025-08-09 02:30:00,14.166666666666666,182.27760886252912,28.049759305241274,85
WaterZumpf,75,2025-08-09 04:15:00,2025-08-09 17:35:00,13.333333333333334,196.50516084034692,32.2006848288687,161
WaterZumpf,76,2025-08-09 17:35:00,2025-08-10 04:35:00,11.0,201.80345635895694,31.73534985940431,131
WaterZumpf,77,2025-08-10 04:35:00,2025-08-12 11:50:00,55.25,192.4473791005123,33.933670720513135,262
WaterZumpf,78,2025-08-12 11:50:00,2025-08-12 16:00:00,4.166666666666667,187.68410799000978,10.064782105552574,22
WaterZumpf,79,2025-08-12 19:05:00,2025-08-12 22:25:00,3.3333333333333335,189.6912836172448,0.3511778759188308,41
WaterZumpf,80,2025-08-12 22:25:00,2025-08-14 22:35:00,48.166666666666664,185.95650745489255,12.32463299240006,18
WaterZumpf,81,2025-08-14 22:35:00,2025-08-15 05:40:00,7.083333333333333,221.97862907427105,32.74284723101994,86
WaterZumpf,82,2025-08-15 05:40:00,2025-08-15 18:20:00,12.666666666666666,156.73683574749666,10.526966035616145,92
WaterZumpf,83,2025-08-15 18:20:00,2025-08-16 00:05:00,5.75,151.5543642808449,5.281936676661803,45
WaterZumpf,84,2025-08-16 03:50:00,2025-08-17 05:45:00,25.916666666666668,154.71822329702712,9.1780484508314,122
WaterZumpf,85,2025-08-17 05:45:00,2025-08-18 04:10:00,22.416666666666668,151.870688551127,10.39768147484153,70
WaterZumpf,86,2025-08-18 05:55:00,2025-08-18 20:05:00,14.166666666666666,150.78757473830936,7.925871109183641,54
WaterZumpf,87,2025-08-18 22:20:00,2025-08-19 03:35:00,5.25,158.29016771429454,4.94859986135661,59
WaterZumpf,88,2025-08-19 03:35:00,2025-08-20 02:20:00,22.75,168.92414176409804,21.09556908973032,218
WaterZumpf,89,2025-08-20 02:20:00,2025-08-21 00:55:00,22.583333333333332,155.86916682553826,8.914284539390897,109
WaterZumpf,90,2025-08-21 00:55:00,2025-08-23 05:15:00,52.333333333333336,155.36035783140832,10.279180377189677,379
WaterZumpf,91,2025-08-23 06:35:00,2025-08-23 09:35:00,3.0,168.05996787752457,5.530654419298289,37
WaterZumpf,92,2025-08-23 09:35:00,2025-08-23 18:15:00,8.666666666666666,152.72849415499692,8.669634051500914,73
WaterZumpf,93,2025-08-23 18:15:00,2025-08-23 22:00:00,3.75,148.7779346378974,4.670584236080014,25
PulpHC,0,2025-06-15 06:00:00,2025-06-15 10:15:00,4.25,525.6046128528399,4.004502760804359,52
PulpHC,1,2025-06-15 10:15:00,2025-06-15 21:30:00,11.25,532.6576802948073,4.373431964747689,136
PulpHC,2,2025-06-15 21:30:00,2025-06-16 01:45:00,4.25,538.2642688930598,2.2333858988056976,52
PulpHC,3,2025-06-16 05:50:00,2025-06-17 04:10:00,22.333333333333332,527.7327202082882,6.0648319945761475,269
PulpHC,4,2025-06-17 06:00:00,2025-06-17 17:25:00,11.416666666666666,534.0043663373394,7.1252973456250155,138
PulpHC,5,2025-06-17 17:25:00,2025-06-18 06:00:00,12.583333333333334,524.473523133026,5.154491951194531,152
PulpHC,6,2025-06-18 06:00:00,2025-06-18 10:30:00,4.5,517.1080310552026,1.9013424884687662,55
PulpHC,7,2025-06-18 10:30:00,2025-06-19 09:40:00,23.166666666666668,526.1092819311505,5.816697029848509,274
PulpHC,8,2025-06-19 09:40:00,2025-06-20 09:55:00,24.25,527.9078427484934,16.059976088514468,139
PulpHC,9,2025-06-20 09:55:00,2025-06-21 07:20:00,21.416666666666668,512.9341402832507,42.59319131363574,169
PulpHC,10,2025-06-21 07:20:00,2025-06-21 14:10:00,6.833333333333333,553.0173039431864,22.432535972267097,83
PulpHC,11,2025-06-21 14:10:00,2025-06-22 00:25:00,10.25,531.6796547617128,9.261161898010593,91
PulpHC,12,2025-06-22 00:25:00,2025-06-22 09:10:00,8.75,556.8407174538694,11.299341122086975,98
PulpHC,13,2025-06-22 09:10:00,2025-06-24 03:35:00,42.416666666666664,547.6648052321447,17.253298535423568,265
PulpHC,14,2025-06-24 03:35:00,2025-06-29 01:45:00,118.16666666666667,541.6489551813747,20.934982140487786,523
PulpHC,15,2025-06-29 01:45:00,2025-06-30 09:10:00,31.416666666666668,551.1879921464164,24.1010306426811,187
PulpHC,16,2025-06-30 09:10:00,2025-07-02 00:00:00,38.833333333333336,525.8310646279376,28.613710460806374,189
PulpHC,17,2025-07-02 00:00:00,2025-07-03 00:55:00,24.916666666666668,506.1032201965203,42.675607232029215,300
PulpHC,18,2025-07-03 00:55:00,2025-07-03 12:35:00,11.666666666666666,524.4387444139193,4.741663394977144,141
PulpHC,19,2025-07-03 12:35:00,2025-07-04 02:40:00,14.083333333333334,535.5298967383328,4.173169632526921,170
PulpHC,20,2025-07-04 02:40:00,2025-07-04 16:10:00,13.5,523.8337853547283,8.600445569790004,160
PulpHC,21,2025-07-04 17:25:00,2025-07-05 11:40:00,18.25,514.2603382497932,4.592059583717942,209
PulpHC,22,2025-07-05 11:40:00,2025-07-06 02:45:00,15.083333333333334,526.6145822016465,4.3527370173447215,182
PulpHC,23,2025-07-06 02:45:00,2025-07-07 18:40:00,39.916666666666664,526.0834668063111,14.871950386084595,446
PulpHC,24,2025-07-07 18:40:00,2025-07-08 09:45:00,15.083333333333334,513.6413176380304,5.113359035145549,170
PulpHC,25,2025-07-08 09:45:00,2025-07-12 18:10:00,104.41666666666667,491.6270727134459,77.97487365240102,383
PulpHC,26,2025-07-12 18:10:00,2025-07-14 00:55:00,30.75,392.53003982813595,71.6188774747948,247
PulpHC,27,2025-07-14 00:55:00,2025-07-14 06:15:00,5.333333333333333,563.478696983292,3.7174584257459196,65
PulpHC,28,2025-07-14 06:15:00,2025-07-20 01:20:00,139.08333333333334,509.04469939734037,70.85926827137142,656
PulpHC,29,2025-07-20 01:20:00,2025-07-22 19:40:00,66.33333333333333,487.33440773588796,68.89228237345328,119
PulpHC,30,2025-07-22 19:40:00,2025-07-27 14:40:00,115.0,515.966482272105,43.84486142101678,817
PulpHC,31,2025-07-27 14:40:00,2025-07-28 00:35:00,9.916666666666666,540.6562728023574,47.08413139536186,41
PulpHC,32,2025-07-28 00:35:00,2025-07-28 05:15:00,4.666666666666667,568.8891481843908,19.965947953157745,51
PulpHC,33,2025-07-28 05:15:00,2025-07-28 23:20:00,18.083333333333332,514.6940878878607,20.685187939100526,204
PulpHC,34,2025-07-28 23:20:00,2025-08-01 22:15:00,94.91666666666667,539.8303525554638,26.231397953093776,607
PulpHC,35,2025-08-01 22:15:00,2025-08-03 02:50:00,28.583333333333332,482.45298590383067,18.375437198398778,234
PulpHC,36,2025-08-03 02:50:00,2025-08-04 05:30:00,26.666666666666668,491.65746429649795,18.62070586394395,156
PulpHC,37,2025-08-04 05:30:00,2025-08-05 00:25:00,18.916666666666668,537.6608331618282,20.779299290074157,97
PulpHC,38,2025-08-05 00:25:00,2025-08-05 06:40:00,6.25,559.5425254181943,5.202714004047158,73
PulpHC,39,2025-08-05 06:40:00,2025-08-06 10:15:00,27.583333333333332,537.0152672977063,7.128187350961675,88
PulpHC,40,2025-08-06 10:15:00,2025-08-07 09:00:00,22.75,555.1980135966919,18.0476201543187,170
PulpHC,41,2025-08-07 09:00:00,2025-08-08 04:15:00,19.25,557.4099765560106,11.284502653475531,86
PulpHC,42,2025-08-08 04:15:00,2025-08-08 16:00:00,11.75,549.343085385749,18.64084539340557,94
PulpHC,43,2025-08-08 16:00:00,2025-08-10 15:50:00,47.833333333333336,520.9457045355866,56.37958512962187,487
PulpHC,44,2025-08-10 15:50:00,2025-08-11 14:50:00,23.0,545.1334431728,24.084804122884407,121
PulpHC,45,2025-08-11 14:50:00,2025-08-12 14:10:00,23.333333333333332,522.4205713414387,21.446783084583704,51
PulpHC,46,2025-08-12 14:10:00,2025-08-15 10:40:00,68.5,519.924211356015,28.5152046676308,229
PulpHC,47,2025-08-15 10:40:00,2025-08-15 18:40:00,8.0,537.2656294712575,7.026025285133796,67
PulpHC,48,2025-08-15 18:40:00,2025-08-16 07:40:00,13.0,543.8734387731345,6.829949068453026,122
PulpHC,49,2025-08-16 07:40:00,2025-08-18 06:00:00,46.333333333333336,476.0975621044183,29.750111110802727,177
PulpHC,50,2025-08-18 06:00:00,2025-08-19 19:25:00,37.416666666666664,476.2495596611582,53.160336934879005,289
PulpHC,51,2025-08-19 19:25:00,2025-08-21 06:45:00,35.333333333333336,551.0571203433293,12.109256382073372,239
PulpHC,52,2025-08-21 06:45:00,2025-08-22 04:50:00,22.083333333333332,499.7520780132594,23.369890873152986,103
PulpHC,53,2025-08-22 04:50:00,2025-08-22 20:15:00,15.416666666666666,550.3172095820582,26.038636960648017,117
PulpHC,54,2025-08-22 20:15:00,2025-08-23 02:40:00,6.416666666666667,576.3664233864735,6.371855808571001,66
PulpHC,55,2025-08-23 02:40:00,2025-08-23 22:00:00,19.333333333333332,580.1096563276909,11.526144683788175,180
PumpRPM,0,2025-06-15 06:00:00,2025-06-15 21:30:00,15.5,672.5558273803043,3.097813931144386,187
PumpRPM,1,2025-06-15 21:30:00,2025-06-16 01:45:00,4.25,676.6142744132808,1.7480919324218405,52
PumpRPM,2,2025-06-16 05:50:00,2025-06-16 22:35:00,16.75,669.3869100715781,4.182987467505982,202
PumpRPM,3,2025-06-16 22:35:00,2025-06-17 04:05:00,5.5,667.399136353587,1.8820809570324388,67
PumpRPM,4,2025-06-17 04:05:00,2025-06-19 09:40:00,53.583333333333336,668.9251475473995,3.462184097264542,639
PumpRPM,5,2025-06-19 09:40:00,2025-06-20 09:55:00,24.25,673.4491010476886,8.954580758865234,139
PumpRPM,6,2025-06-20 09:55:00,2025-06-21 04:00:00,18.083333333333332,680.9498021146884,9.403985133430092,132
PumpRPM,7,2025-06-21 04:00:00,2025-06-21 07:20:00,3.3333333333333335,693.4690595977277,3.348216556675146,38
PumpRPM,8,2025-06-21 07:20:00,2025-06-21 14:10:00,6.833333333333333,685.7252317482195,13.70427556323658,83
PumpRPM,9,2025-06-21 14:10:00,2025-06-22 00:25:00,10.25,673.0737501062788,4.719191221473339,91
PumpRPM,10,2025-06-22 00:25:00,2025-06-22 09:10:00,8.75,687.4016684743435,3.527829760295691,98
PumpRPM,11,2025-06-22 09:10:00,2025-06-24 03:30:00,42.333333333333336,682.3671039069799,5.0160662429954295,264
PumpRPM,12,2025-06-24 03:30:00,2025-06-29 01:45:00,118.25,680.0006456885237,11.466045227540324,524
PumpRPM,13,2025-06-29 01:45:00,2025-06-30 09:10:00,31.416666666666668,686.8788042617709,12.285618108129793,187
PumpRPM,14,2025-06-30 09:10:00,2025-07-02 00:00:00,38.833333333333336,676.4090902762056,7.0364377784190095,189
PumpRPM,15,2025-07-02 00:00:00,2025-07-02 06:20:00,6.333333333333333,667.5607183099785,2.604540995678344,77
PumpRPM,16,2025-07-02 06:20:00,2025-07-02 09:40:00,3.3333333333333335,670.1952856430742,1.2080990031101329,41
PumpRPM,17,2025-07-02 09:40:00,2025-07-02 23:00:00,13.333333333333334,663.6146561035392,18.065405642835014,161
PumpRPM,18,2025-07-03 00:50:00,2025-07-03 08:00:00,7.166666666666667,670.7378246031864,1.270304761392333,87
PumpRPM,19,2025-07-03 08:00:00,2025-07-05 11:40:00,51.666666666666664,672.5163572549008,6.737911356008403,607
PumpRPM,20,2025-07-05 11:40:00,2025-07-05 18:40:00,7.0,672.5185622955904,2.0293898736138294,85
PumpRPM,21,2025-07-05 18:40:00,2025-07-06 10:00:00,15.333333333333334,673.9937935951119,1.8228246907551027,185
PumpRPM,22,2025-07-06 10:00:00,2025-07-07 18:45:00,32.75,672.9250822162059,4.07175415755584,360
PumpRPM,23,2025-07-07 18:45:00,2025-07-08 09:45:00,15.0,665.6191109474033,2.986965412028982,169
PumpRPM,24,2025-07-08 09:45:00,2025-07-08 15:25:00,5.666666666666667,675.2685287992666,2.020262453147462,69
PumpRPM,25,2025-07-08 15:25:00,2025-07-12 11:15:00,91.83333333333333,678.598020873453,10.47530175301619,249
PumpRPM,26,2025-07-12 11:15:00,2025-07-14 00:55:00,37.666666666666664,662.7861251144834,16.402948431552293,313
PumpRPM,27,2025-07-14 00:55:00,2025-07-14 13:05:00,12.166666666666666,689.5874264752247,14.309880046111314,109
PumpRPM,28,2025-07-14 13:05:00,2025-07-18 00:00:00,82.91666666666667,680.3804726972503,16.861575365594568,453
PumpRPM,29,2025-07-18 00:00:00,2025-07-21 08:50:00,80.83333333333333,703.4188823046097,12.501623938842572,165
PumpRPM,30,2025-07-21 08:50:00,2025-07-25 22:55:00,110.08333333333333,680.8873987900329,15.682163539104629,585
PumpRPM,31,2025-07-25 22:55:00,2025-07-27 03:00:00,28.083333333333332,690.6478391359053,10.856071924664532,225
PumpRPM,32,2025-07-27 03:00:00,2025-07-27 14:40:00,11.666666666666666,690.0327384874998,16.67598489981283,122
PumpRPM,33,2025-07-27 14:40:00,2025-07-28 23:20:00,32.666666666666664,690.6133246632977,15.288652498427863,294
PumpRPM,34,2025-07-28 23:20:00,2025-08-02 06:05:00,102.75,692.7921032358836,10.038650128734346,699
PumpRPM,35,2025-08-02 06:05:00,2025-08-03 02:45:00,20.666666666666668,684.0220807127736,6.545480985386268,141
PumpRPM,36,2025-08-03 02:45:00,2025-08-04 05:35:00,26.833333333333332,695.0671712869298,7.684810550538225,158
PumpRPM,37,2025-08-04 05:35:00,2025-08-05 00:25:00,18.833333333333332,700.2502761805503,6.130902875080315,96
PumpRPM,38,2025-08-05 00:25:00,2025-08-05 06:40:00,6.25,704.2461588841384,3.687214333967746,73
PumpRPM,39,2025-08-05 06:40:00,2025-08-06 10:15:00,27.583333333333332,692.091052302681,3.99849767637496,88
PumpRPM,40,2025-08-06 10:15:00,2025-08-07 09:00:00,22.75,703.0029861842986,10.435475787646142,170
PumpRPM,41,2025-08-07 09:00:00,2025-08-08 04:15:00,19.25,708.5683138485397,6.778847044307098,86
PumpRPM,42,2025-08-08 04:15:00,2025-08-08 16:00:00,11.75,705.962413774263,7.631618006026472,94
PumpRPM,43,2025-08-08 16:00:00,2025-08-08 22:25:00,6.416666666666667,705.7581132053862,9.213433373571,47
PumpRPM,44,2025-08-08 22:25:00,2025-08-10 15:50:00,41.416666666666664,690.4700722592896,22.756434331413875,441
PumpRPM,45,2025-08-10 15:50:00,2025-08-11 14:50:00,23.0,702.3748720127846,12.56518413744885,121
PumpRPM,46,2025-08-11 14:50:00,2025-08-12 14:10:00,23.333333333333332,688.8131582322087,9.441568237677107,51
PumpRPM,47,2025-08-12 14:10:00,2025-08-12 19:30:00,5.333333333333333,673.8706080008367,4.778614383485147,63
PumpRPM,48,2025-08-12 19:30:00,2025-08-15 10:40:00,63.166666666666664,688.8033014581794,9.074043895800086,167
PumpRPM,49,2025-08-15 10:40:00,2025-08-15 18:45:00,8.083333333333334,692.8964564691895,3.9551361677107693,68
PumpRPM,50,2025-08-15 18:45:00,2025-08-16 07:40:00,12.916666666666666,696.1906632145145,3.5473505775792664,121
PumpRPM,51,2025-08-16 07:40:00,2025-08-18 06:00:00,46.333333333333336,693.2865351741515,4.413009427934476,177
PumpRPM,52,2025-08-18 06:00:00,2025-08-18 18:25:00,12.416666666666666,692.9283259244944,3.711937431135497,45
PumpRPM,53,2025-08-18 18:25:00,2025-08-19 03:35:00,9.166666666666666,694.4892765676374,3.744472393978522,94
PumpRPM,54,2025-08-19 03:35:00,2025-08-19 19:25:00,15.833333333333334,710.5991985364395,9.869758623747815,152
PumpRPM,55,2025-08-19 19:25:00,2025-08-22 11:45:00,64.33333333333333,703.2974787784651,6.931223003143137,388
PumpRPM,56,2025-08-22 13:45:00,2025-08-23 22:00:00,32.25,720.1940733759876,6.320019325896381,293
MotorAmp,0,2025-06-15 06:00:00,2025-06-15 12:25:00,6.416666666666667,204.19375664932136,0.6640231074504547,78
MotorAmp,1,2025-06-15 17:20:00,2025-06-16 00:25:00,7.083333333333333,201.85614749826854,1.5703675950129345,86
MotorAmp,2,2025-06-16 03:00:00,2025-06-16 08:10:00,5.166666666666667,203.59272375537742,0.5524876292410343,63
MotorAmp,3,2025-06-16 08:10:00,2025-06-16 12:50:00,4.666666666666667,204.09580007115468,0.7935275876355569,57
MotorAmp,4,2025-06-16 15:20:00,2025-06-16 20:10:00,4.833333333333333,206.36691253275572,0.5981911724074005,59
MotorAmp,5,2025-06-16 20:10:00,2025-06-16 23:30:00,3.3333333333333335,206.62989341866802,0.4621649759995239,41
MotorAmp,6,2025-06-17 03:25:00,2025-06-17 14:15:00,10.833333333333334,205.62587102018807,0.7298139878711344,131
MotorAmp,7,2025-06-17 14:15:00,2025-06-17 17:30:00,3.25,204.77193069571405,0.6096823845022751,40
MotorAmp,8,2025-06-17 19:55:00,2025-06-18 00:00:00,4.083333333333333,205.21384918526695,0.6373003718070256,50
MotorAmp,9,2025-06-18 01:40:00,2025-06-18 06:50:00,5.166666666666667,205.25650830167822,0.6622377374053963,63
MotorAmp,10,2025-06-18 06:50:00,2025-06-18 13:20:00,6.5,204.79672866806752,0.5661244309318604,79
MotorAmp,11,2025-06-18 13:20:00,2025-06-18 17:50:00,4.5,204.3370591041015,0.6209734077509341,55
MotorAmp,12,2025-06-18 20:40:00,2025-06-19 06:20:00,9.666666666666666,204.84355607604812,0.7751637947785373,117
MotorAmp,13,2025-06-19 07:40:00,2025-06-21 00:30:00,40.833333333333336,202.6992086784768,2.9549470690193362,261
MotorAmp,14,2025-06-21 02:45:00,2025-06-21 13:20:00,10.583333333333334,202.8346376794013,2.354555232330737,111
MotorAmp,15,2025-06-21 13:20:00,2025-06-21 17:55:00,4.583333333333333,205.1617006781271,0.6690236803874396,45
MotorAmp,16,2025-06-21 17:55:00,2025-06-22 03:30:00,9.583333333333334,205.20650719924797,1.0893904522205367,94
MotorAmp,17,2025-06-22 03:30:00,2025-06-22 11:15:00,7.75,204.48135783796133,0.8899073104860974,86
MotorAmp,18,2025-06-22 11:15:00,2025-06-23 02:05:00,14.833333333333334,203.64761711787247,2.755580900462698,77
MotorAmp,19,2025-06-23 02:05:00,2025-06-23 07:05:00,5.0,205.63084648503838,0.5050885675270002,56
MotorAmp,20,2025-06-23 07:05:00,2025-06-23 21:35:00,14.5,204.80122244166276,0.9409687687846484,67
MotorAmp,21,2025-06-23 21:35:00,2025-06-24 04:45:00,7.166666666666667,206.27019325404135,0.5906225479754316,57
MotorAmp,22,2025-06-24 04:45:00,2025-06-24 16:20:00,11.583333333333334,203.6165766960345,2.4519760768479757,106
MotorAmp,23,2025-06-24 16:20:00,2025-06-25 04:55:00,12.583333333333334,204.48428846660335,0.5491726272991657,23
MotorAmp,24,2025-06-25 04:55:00,2025-06-25 11:55:00,7.0,204.94918532600184,0.4842848904440967,64
MotorAmp,25,2025-06-25 11:55:00,2025-06-26 06:55:00,19.0,202.8700800436231,2.4002261184984275,115
MotorAmp,26,2025-06-26 06:55:00,2025-06-29 00:10:00,65.25,204.6806888787072,2.531783577618652,186
MotorAmp,27,2025-06-29 04:10:00,2025-06-30 05:25:00,25.25,201.45670200641257,3.1413396348000386,136
MotorAmp,28,2025-06-30 05:25:00,2025-07-01 16:25:00,35.0,200.42935910474446,2.7640405009361926,132
MotorAmp,29,2025-07-01 16:25:00,2025-07-02 06:10:00,13.75,204.561380006752,1.3278137522590718,154
MotorAmp,30,2025-07-02 06:10:00,2025-07-02 10:00:00,3.8333333333333335,203.50109801414618,0.6669096297178704,47
MotorAmp,31,2025-07-02 10:00:00,2025-07-03 01:15:00,15.25,202.99410113420032,2.7014220434313088,184
MotorAmp,32,2025-07-03 01:15:00,2025-07-03 08:40:00,7.416666666666667,202.475018863235,0.9540848843248319,90
MotorAmp,33,2025-07-03 08:40:00,2025-07-03 18:05:00,9.416666666666666,198.73895461604687,2.0285116882050582,114
MotorAmp,34,2025-07-03 18:05:00,2025-07-03 22:35:00,4.5,197.17111647688037,1.045954090022967,55
MotorAmp,35,2025-07-03 22:35:00,2025-07-04 12:45:00,14.166666666666666,200.21704245099863,3.15845770864204,171
MotorAmp,36,2025-07-04 12:45:00,2025-07-04 18:40:00,5.916666666666667,201.99968493549514,2.151448533651761,69
MotorAmp,37,2025-07-04 18:40:00,2025-07-05 01:15:00,6.583333333333333,203.51908617797784,1.15920922425438,80
MotorAmp,38,2025-07-05 01:15:00,2025-07-05 06:15:00,5.0,203.4309972695526,0.7236275670743969,61
MotorAmp,39,2025-07-05 06:15:00,2025-07-05 10:40:00,4.416666666666667,202.96083016755614,0.8250376570276214,54
MotorAmp,40,2025-07-05 15:25:00,2025-07-05 19:15:00,3.8333333333333335,202.88750966914546,0.5486579918136926,47
MotorAmp,41,2025-07-05 19:15:00,2025-07-06 02:50:00,7.583333333333333,203.57931215301397,0.9229704551139671,92
MotorAmp,42,2025-07-06 05:15:00,2025-07-06 09:50:00,4.583333333333333,203.14367031088938,1.0284249043891018,56
MotorAmp,43,2025-07-06 09:50:00,2025-07-06 19:20:00,9.5,201.88456409712808,1.0229375994829775,115
MotorAmp,44,2025-07-06 20:55:00,2025-07-07 01:05:00,4.166666666666667,203.05058894130556,0.770725013469176,51
MotorAmp,45,2025-07-07 01:05:00,2025-07-07 15:45:00,14.666666666666666,203.75476164217886,0.7861425994525786,143
MotorAmp,46,2025-07-07 15:45:00,2025-07-08 00:55:00,9.166666666666666,203.77899303592338,0.9900618456269088,111
MotorAmp,47,2025-07-08 05:15:00,2025-07-08 09:55:00,4.666666666666667,203.90174388004945,0.8088172011687798,45
MotorAmp,48,2025-07-08 09:55:00,2025-07-08 13:20:00,3.4166666666666665,202.70116438651718,0.6431376668192156,42
MotorAmp,49,2025-07-08 13:20:00,2025-07-12 13:30:00,96.16666666666667,201.20142815154443,2.9492652343038106,301
MotorAmp,50,2025-07-12 15:30:00,2025-07-13 00:30:00,9.0,205.41831057107274,0.6169750430623119,88
MotorAmp,51,2025-07-13 06:05:00,2025-07-14 03:45:00,21.666666666666668,204.22071411541066,1.0407080499776278,142
MotorAmp,52,2025-07-14 03:45:00,2025-07-14 13:05:00,9.333333333333334,205.2852245876486,1.3033840809568755,75
MotorAmp,53,2025-07-14 13:05:00,2025-07-15 05:35:00,16.5,204.32914392102285,0.9697289060938435,161
MotorAmp,54,2025-07-15 05:35:00,2025-07-15 23:15:00,17.666666666666668,203.41770979720405,1.7910235283246048,79
MotorAmp,55,2025-07-15 23:15:00,2025-07-18 07:35:00,56.333333333333336,203.19899176961985,2.395207453354134,253
MotorAmp,56,2025-07-18 07:35:00,2025-07-18 11:40:00,4.083333333333333,199.87604348571134,0.7908320740572277,16
MotorAmp,57,2025-07-18 11:40:00,2025-07-20 01:20:00,37.666666666666664,203.0107325666804,2.2774029261963684,107
MotorAmp,58,2025-07-20 01:20:00,2025-07-22 01:25:00,48.083333333333336,206.10011753772918,1.0242961861643636,44
MotorAmp,59,2025-07-22 01:25:00,2025-07-22 04:25:00,3.0,207.11339980327045,0.5834360831425993,26
MotorAmp,60,2025-07-22 06:20:00,2025-07-22 10:05:00,3.75,207.66327430191185,0.8311252880752614,19
MotorAmp,61,2025-07-22 10:05:00,2025-07-24 15:35:00,53.5,204.03198678763474,2.4166253281364556,184
MotorAmp,62,2025-07-24 15:35:00,2025-07-25 13:55:00,22.333333333333332,204.21772124488226,2.4438705472048277,197
MotorAmp,63,2025-07-25 13:55:00,2025-07-26 08:35:00,18.666666666666668,202.1272489483717,1.9770573658435444,225
MotorAmp,64,2025-07-26 08:35:00,2025-07-26 23:45:00,15.166666666666666,199.0451275390199,2.8306854559243964,78
MotorAmp,65,2025-07-26 23:45:00,2025-07-28 05:15:00,29.5,202.7829100955124,2.6890769732432833,243
MotorAmp,66,2025-07-28 05:15:00,2025-07-29 09:35:00,28.333333333333332,203.85679049290175,2.274825227352115,286
MotorAmp,67,2025-07-29 09:35:00,2025-07-30 00:25:00,14.833333333333334,202.8716186546473,0.918119122684539,47
MotorAmp,68,2025-07-30 00:25:00,2025-07-30 04:45:00,4.333333333333333,203.4837985352316,1.1126525544070422,53
MotorAmp,69,2025-07-30 07:30:00,2025-07-30 16:15:00,8.75,201.25069958453983,2.9661178372104198,106
MotorAmp,70,2025-07-30 16:15:00,2025-07-31 04:55:00,12.666666666666666,203.8491868857611,1.6730496954859366,70
MotorAmp,71,2025-07-31 04:55:00,2025-08-01 10:20:00,29.416666666666668,202.76268326471703,3.496226758776881,199
MotorAmp,72,2025-08-01 10:20:00,2025-08-02 04:40:00,18.333333333333332,208.47496145509857,1.1814135478882262,115
MotorAmp,73,2025-08-02 04:40:00,2025-08-02 08:30:00,3.8333333333333335,208.24543066875566,0.5949849314007557,47
MotorAmp,74,2025-08-02 08:30:00,2025-08-02 22:00:00,13.5,208.22972919787927,0.6315222288374532,62
MotorAmp,75,2025-08-02 22:00:00,2025-08-03 03:45:00,5.75,208.24068055154368,0.578325030659223,63
MotorAmp,76,2025-08-03 03:45:00,2025-08-03 07:10:00,3.4166666666666665,208.14442829094912,0.6634340229763224,42
MotorAmp,77,2025-08-03 07:10:00,2025-08-03 11:15:00,4.083333333333333,206.59938850423,0.8001979259530496,30
MotorAmp,78,2025-08-03 11:15:00,2025-08-04 01:50:00,14.583333333333334,206.46511283345993,0.8432879595366818,31
MotorAmp,79,2025-08-04 01:50:00,2025-08-04 05:00:00,3.1666666666666665,206.707372278706,0.613414295089049,39
MotorAmp,80,2025-08-04 05:00:00,2025-08-06 10:15:00,53.25,206.1631088497224,1.698252893081943,262
MotorAmp,81,2025-08-06 10:15:00,2025-08-06 20:30:00,10.25,206.51640335259748,0.6669976834955625,37
MotorAmp,82,2025-08-06 20:30:00,2025-08-06 23:40:00,3.1666666666666665,206.6210220119035,0.6295566601942679,33
MotorAmp,83,2025-08-06 23:40:00,2025-08-07 05:30:00,5.833333333333333,206.16691008432477,1.3906877334966594,71
MotorAmp,84,2025-08-07 05:30:00,2025-08-08 10:30:00,29.0,202.11635621850462,2.951217522608122,187
MotorAmp,85,2025-08-08 10:30:00,2025-08-08 16:00:00,5.5,201.65967019841256,1.8092399535842791,24
MotorAmp,86,2025-08-08 16:00:00,2025-08-09 04:45:00,12.75,203.1568654989186,3.0124046351196996,111
MotorAmp,87,2025-08-09 04:45:00,2025-08-09 17:10:00,12.416666666666666,207.24781434494707,2.3790893729536857,150
MotorAmp,88,2025-08-09 17:10:00,2025-08-09 22:55:00,5.75,209.55463601702837,0.8121715922415365,68
MotorAmp,89,2025-08-09 22:55:00,2025-08-10 04:55:00,6.0,207.60320618786565,1.2671052207559212,73
MotorAmp,90,2025-08-10 04:55:00,2025-08-10 15:50:00,10.916666666666666,206.3882216697942,1.233979796360617,89
MotorAmp,91,2025-08-10 15:50:00,2025-08-11 07:50:00,16.0,205.41356633290272,1.4004573276360877,73
MotorAmp,92,2025-08-11 10:10:00,2025-08-12 18:05:00,31.916666666666668,207.79615185558512,2.2883718929209373,118
MotorAmp,93,2025-08-12 18:05:00,2025-08-12 21:40:00,3.5833333333333335,209.22369711040903,0.6574801369475143,44
MotorAmp,94,2025-08-12 21:40:00,2025-08-15 03:10:00,53.5,210.1672169923165,1.0039275534416017,82
MotorAmp,95,2025-08-15 03:10:00,2025-08-15 06:10:00,3.0,210.63660871578065,0.7446454102826847,34
MotorAmp,96,2025-08-15 06:10:00,2025-08-15 14:55:00,8.75,209.8317059269324,0.8016926154299356,61
MotorAmp,97,2025-08-15 14:55:00,2025-08-16 01:25:00,10.5,209.41853837783222,0.8759604868371536,89
MotorAmp,98,2025-08-16 01:25:00,2025-08-16 04:45:00,3.3333333333333335,210.54260407983557,0.6469537064695472,41
MotorAmp,99,2025-08-16 04:45:00,2025-08-17 02:45:00,22.0,210.13041442663243,0.7735078303757816,80
MotorAmp,100,2025-08-17 05:20:00,2025-08-18 05:20:00,24.0,210.2572599660591,0.8750836884134514,89
MotorAmp,101,2025-08-18 05:20:00,2025-08-18 15:30:00,10.166666666666666,209.1118834559395,0.5994950134183973,50
MotorAmp,102,2025-08-18 15:30:00,2025-08-20 19:00:00,51.5,207.51474242807444,2.9893822274497364,419
MotorAmp,103,2025-08-20 19:00:00,2025-08-21 05:05:00,10.083333333333334,208.98801243267835,1.356917440514003,48
MotorAmp,104,2025-08-21 06:30:00,2025-08-22 01:15:00,18.75,210.88787854136052,1.7087050030946602,65
MotorAmp,105,2025-08-22 04:15:00,2025-08-22 18:45:00,14.5,208.61446517424187,1.907894415008533,106
MotorAmp,106,2025-08-22 18:45:00,2025-08-23 00:40:00,5.916666666666667,207.86208692449878,1.1116004398594037,60
MotorAmp,107,2025-08-23 00:40:00,2025-08-23 04:50:00,4.166666666666667,206.39840062171046,0.9213293470576672,51
MotorAmp,108,2025-08-23 07:40:00,2025-08-23 13:30:00,5.833333333333333,207.27148727313843,1.1231922257977143,66
MotorAmp,109,2025-08-23 13:30:00,2025-08-23 22:00:00,8.5,208.5915390817315,1.0419830096649816,55
PSI200,0,2025-06-15 07:30:00,2025-06-15 13:45:00,6.25,22.673201189560857,0.5669925981868242,76
PSI200,1,2025-06-15 13:45:00,2025-06-15 19:50:00,6.083333333333333,22.602550838908563,0.5612236493590195,74
PSI200,2,2025-06-15 19:50:00,2025-06-16 02:50:00,7.0,22.391636710457778,0.6381485756711396,85
PSI200,3,2025-06-16 02:50:00,2025-06-16 05:55:00,3.0833333333333335,22.251330489837002,0.4217387125605661,38
PSI200,4,2025-06-16 05:55:00,2025-06-16 12:25:00,6.5,21.428981066383564,0.910885343321941,79
PSI200,5,2025-06-16 17:25:00,2025-06-17 02:25:00,9.0,19.505450568553343,0.42985015329740295,109
PSI200,6,2025-06-17 02:25:00,2025-06-17 09:25:00,7.0,19.180822551464374,0.37353250847185626,85
PSI200,7,2025-06-17 09:25:00,2025-06-17 13:30:00,4.083333333333333,19.172118756609606,0.4216767439765532,50
PSI200,8,2025-06-17 15:05:00,2025-06-17 19:55:00,4.833333333333333,19.543364428528204,0.3525968931892315,59
PSI200,9,2025-06-17 22:05:00,2025-06-18 01:35:00,3.5,18.18029435751158,0.3835324488723965,43
PSI200,10,2025-06-18 01:35:00,2025-06-18 04:40:00,3.0833333333333335,18.086498915088747,0.4059855148708282,38
PSI200,11,2025-06-18 08:35:00,2025-06-18 14:55:00,6.333333333333333,18.58658597978445,0.47621447313023746,77
PSI200,12,2025-06-18 16:25:00,2025-06-19 03:45:00,11.333333333333334,19.164644778474397,0.5251063485389429,137
PSI200,13,2025-06-19 07:00:00,2025-06-19 20:05:00,13.083333333333334,20.285096190508316,1.6107883571681014,54
PSI200,14,2025-06-19 22:15:00,2025-06-20 07:20:00,9.083333333333334,22.218196392175756,0.6155434571374976,84
PSI200,15,2025-06-20 07:20:00,2025-06-20 13:45:00,6.416666666666667,22.06204907955636,1.3141214827642966,43
PSI200,16,2025-06-20 13:45:00,2025-06-21 04:00:00,14.25,21.904870800715347,1.2428680850468519,103
PSI200,17,2025-06-21 04:00:00,2025-06-21 07:20:00,3.3333333333333335,20.61205265717882,1.2119782153070493,38
PSI200,18,2025-06-21 07:20:00,2025-06-21 11:35:00,4.25,21.50065653793857,0.8417879558986078,52
PSI200,19,2025-06-21 11:35:00,2025-06-21 15:00:00,3.4166666666666665,22.013120595431644,0.674012210549377,37
PSI200,20,2025-06-21 17:05:00,2025-06-21 20:20:00,3.25,22.210022482987277,0.6152736821361356,40
PSI200,21,2025-06-21 20:20:00,2025-06-22 00:25:00,4.083333333333333,22.032442348495525,1.44418176858186,28
PSI200,22,2025-06-22 05:25:00,2025-06-22 09:20:00,3.9166666666666665,22.34160130180124,0.5975816752789761,40
PSI200,23,2025-06-22 11:30:00,2025-06-23 04:10:00,16.666666666666668,21.22960921840251,1.742527869203142,99
PSI200,24,2025-06-23 04:10:00,2025-06-23 10:30:00,6.333333333333333,18.828328564183355,0.8897290758016911,48
PSI200,25,2025-06-23 10:30:00,2025-06-23 22:20:00,11.833333333333334,19.64278199806983,1.0384078487706574,56
PSI200,26,2025-06-23 22:20:00,2025-06-24 02:40:00,4.333333333333333,19.359469670673903,0.4877605837659979,26
PSI200,27,2025-06-24 02:40:00,2025-06-24 13:10:00,10.5,20.62789813526926,2.156528472319822,93
PSI200,28,2025-06-24 13:10:00,2025-06-24 16:20:00,3.1666666666666665,24.152469392280786,0.6169820785661178,39
PSI200,29,2025-06-24 16:20:00,2025-06-25 09:35:00,17.25,22.383172822639914,1.0809129577016354,58
PSI200,30,2025-06-25 09:35:00,2025-06-25 13:20:00,3.75,23.360561979414367,1.3568423326443915,46
PSI200,31,2025-06-25 14:50:00,2025-06-26 01:55:00,11.083333333333334,23.597781718885823,0.3663486557448443,21
PSI200,32,2025-06-26 03:40:00,2025-06-26 10:35:00,6.916666666666667,22.52415503949822,0.6212543583131002,83
PSI200,33,2025-06-26 10:35:00,2025-06-28 05:20:00,42.75,21.7913070887657,0.8976077968750844,91
PSI200,34,2025-06-28 05:20:00,2025-06-28 21:55:00,16.583333333333332,20.884400724070098,0.826893100488763,25
PSI200,35,2025-06-28 21:55:00,2025-06-29 06:05:00,8.166666666666666,21.22061161491272,0.8421330214683092,88
PSI200,36,2025-06-29 06:05:00,2025-06-30 01:30:00,19.416666666666668,21.815005172198575,1.2757424538873132,77
PSI200,37,2025-06-30 01:30:00,2025-06-30 09:10:00,7.666666666666667,22.355001500025356,0.9630257316780696,70
PSI200,38,2025-06-30 09:10:00,2025-07-01 19:45:00,34.583333333333336,22.719454606003673,0.985364099367524,150
PSI200,39,2025-07-01 19:45:00,2025-07-02 00:00:00,4.25,22.29214380370588,1.0311080668736639,40
PSI200,40,2025-07-02 00:00:00,2025-07-02 03:05:00,3.0833333333333335,21.775060388413248,1.1950024284036536,38
PSI200,41,2025-07-02 03:05:00,2025-07-02 13:30:00,10.416666666666666,22.77105491263321,0.6389899484631044,126
PSI200,42,2025-07-02 13:30:00,2025-07-02 21:20:00,7.833333333333333,23.773338263586073,2.116682539715939,95
PSI200,43,2025-07-02 21:20:00,2025-07-03 00:20:00,3.0,22.42634252366099,0.5272097220213471,37
PSI200,44,2025-07-03 01:50:00,2025-07-03 09:20:00,7.5,23.205476120638327,0.37787688792720797,91
PSI200,45,2025-07-03 10:50:00,2025-07-04 02:40:00,15.833333333333334,24.629335524164837,0.6726070261405624,191
PSI200,46,2025-07-04 02:40:00,2025-07-04 08:05:00,5.416666666666667,23.89332815230905,0.737026084059594,66
PSI200,47,2025-07-04 08:05:00,2025-07-04 13:05:00,5.0,23.427716135201738,0.8093446561714052,58
PSI200,48,2025-07-04 17:25:00,2025-07-04 22:25:00,5.0,22.010613084157608,0.856127748879211,61
PSI200,49,2025-07-04 22:25:00,2025-07-05 02:10:00,3.75,21.266123175463214,0.29722801422975725,46
PSI200,50,2025-07-05 02:10:00,2025-07-05 07:35:00,5.416666666666667,21.717688756562683,0.6151921513011261,66
PSI200,51,2025-07-05 07:35:00,2025-07-05 11:40:00,4.083333333333333,21.715297247517995,1.0854944508590654,39
PSI200,52,2025-07-05 11:40:00,2025-07-05 17:35:00,5.916666666666667,20.680282829840234,1.0666538181970824,72
PSI200,53,2025-07-05 17:35:00,2025-07-06 13:45:00,20.166666666666668,21.163279740838583,0.7389007474942505,243
PSI200,54,2025-07-06 13:45:00,2025-07-06 18:15:00,4.5,21.384932620733508,0.34484567646716047,55
PSI200,55,2025-07-06 18:15:00,2025-07-06 21:30:00,3.25,21.72074147642427,0.4419226744888674,40
PSI200,56,2025-07-06 21:30:00,2025-07-07 00:30:00,3.0,21.600609420180337,0.4295370542004845,37
PSI200,57,2025-07-07 00:30:00,2025-07-07 11:40:00,11.166666666666666,20.70785882921136,0.8900833934765182,109
PSI200,58,2025-07-07 13:40:00,2025-07-08 02:45:00,13.083333333333334,19.990730655148408,0.940929938045761,158
PSI200,59,2025-07-08 02:45:00,2025-07-08 09:55:00,7.166666666666667,19.627826603939443,0.8940220583036605,75
PSI200,60,2025-07-08 11:35:00,2025-07-08 15:20:00,3.75,19.980203095492776,0.355193197195287,46
PSI200,61,2025-07-08 16:50:00,2025-07-08 20:25:00,3.5833333333333335,21.230806314744253,0.7030483003909057,44
PSI200,62,2025-07-08 23:00:00,2025-07-09 04:15:00,5.25,21.734349180933535,0.9307737757381925,64
PSI200,63,2025-07-09 04:15:00,2025-07-09 07:15:00,3.0,20.92393726052104,0.9268771049044611,37
PSI200,64,2025-07-09 07:15:00,2025-07-12 11:15:00,76.0,22.893430679515514,2.3754066601825268,59
PSI200,65,2025-07-12 11:15:00,2025-07-12 19:30:00,8.25,24.578522804228584,2.505229829021467,82
PSI200,66,2025-07-12 19:30:00,2025-07-13 00:15:00,4.75,24.22567626623454,1.0180055085092625,55
PSI200,67,2025-07-13 00:15:00,2025-07-13 04:30:00,4.25,22.994062541647118,1.1742254620145782,52
PSI200,68,2025-07-13 08:15:00,2025-07-14 17:15:00,33.0,19.381361566114315,2.2478371521278104,206
PSI200,69,2025-07-14 17:15:00,2025-07-14 21:15:00,4.0,21.32514613954324,0.8241395496723314,45
PSI200,70,2025-07-14 21:15:00,2025-07-15 02:20:00,5.083333333333333,20.282804086055446,0.7062725244471336,62
PSI200,71,2025-07-15 02:20:00,2025-07-16 09:20:00,31.0,21.07841637168688,1.6124736777121325,137
PSI200,72,2025-07-16 10:40:00,2025-07-16 15:40:00,5.0,26.818158164918614,1.6637531759141282,61
PSI200,73,2025-07-16 15:40:00,2025-07-17 18:25:00,26.75,25.677371078916483,2.8675108364910105,82
PSI200,74,2025-07-17 18:25:00,2025-07-18 04:50:00,10.416666666666666,21.994763024604673,2.08484128817304,55
PSI200,75,2025-07-18 04:50:00,2025-07-18 15:35:00,10.75,21.42925927697758,1.980932389673417,72
PSI200,76,2025-07-18 15:35:00,2025-07-19 04:10:00,12.583333333333334,22.116803880769435,0.6516295220590435,31
PSI200,77,2025-07-19 05:50:00,2025-07-20 01:20:00,19.5,21.986617426868516,1.3095064537408392,23
PSI200,78,2025-07-20 01:20:00,2025-07-22 02:05:00,48.75,20.20275880899961,0.9750021780551182,52
PSI200,79,2025-07-22 04:20:00,2025-07-22 08:50:00,4.5,19.464996661707264,1.3497002459951475,21
PSI200,80,2025-07-22 08:50:00,2025-07-23 00:55:00,16.083333333333332,23.890220546558965,2.9123168043625616,52
PSI200,81,2025-07-23 00:55:00,2025-07-23 16:45:00,15.833333333333334,21.9117428661787,1.4204598045358603,67
PSI200,82,2025-07-23 19:25:00,2025-07-24 15:35:00,20.166666666666668,21.475129421223784,1.5008680612047505,50
PSI200,83,2025-07-24 17:55:00,2025-07-24 22:05:00,4.166666666666667,24.838519359837345,0.8258510942498252,51
PSI200,84,2025-07-24 22:05:00,2025-07-25 09:45:00,11.666666666666666,24.074982402856,1.694958313324973,69
PSI200,85,2025-07-25 09:45:00,2025-07-25 21:45:00,12.0,27.547149914339823,2.535086290220264,145
PSI200,86,2025-07-25 21:45:00,2025-07-26 04:50:00,7.083333333333333,28.1087008411647,0.7638983989577279,86
PSI200,87,2025-07-26 04:50:00,2025-07-26 09:45:00,4.916666666666667,28.649984709013246,1.2316818136255092,60
PSI200,88,2025-07-26 11:50:00,2025-07-27 00:30:00,12.666666666666666,28.61884202869727,2.69906443402719,40
PSI200,89,2025-07-27 00:30:00,2025-07-27 03:45:00,3.25,23.778758580672413,2.219741413962407,40
PSI200,90,2025-07-27 06:20:00,2025-07-27 14:40:00,8.333333333333334,28.449317787953007,2.758340346052061,90
PSI200,91,2025-07-27 14:40:00,2025-07-28 05:15:00,14.583333333333334,24.82055834202234,1.8566354371622718,91
PSI200,92,2025-07-28 08:00:00,2025-07-28 11:35:00,3.5833333333333335,28.140026493599475,1.2527996692649184,37
PSI200,93,2025-07-28 15:45:00,2025-07-28 19:45:00,4.0,28.9096362172055,0.7301021161818874,49
PSI200,94,2025-07-28 19:45:00,2025-07-28 23:20:00,3.5833333333333335,26.803034745225307,2.2700794109303337,37
PSI200,95,2025-07-28 23:20:00,2025-07-29 03:10:00,3.8333333333333335,23.73367028201933,2.621219040184805,24
PSI200,96,2025-07-29 03:10:00,2025-07-30 00:50:00,21.666666666666668,25.010079433992363,1.0898095614244405,111
PSI200,97,2025-07-30 00:50:00,2025-07-30 04:20:00,3.5,24.220667418132276,0.6756639642460531,43
PSI200,98,2025-07-30 04:20:00,2025-07-30 13:20:00,9.0,25.874188137183395,1.4356712476477294,91
PSI200,99,2025-07-30 15:15:00,2025-07-31 07:20:00,16.083333333333332,26.620810983895897,1.2901248998076629,97
PSI200,100,2025-07-31 07:20:00,2025-07-31 15:05:00,7.75,27.4082888042319,0.9093328872311477,94
PSI200,101,2025-07-31 15:05:00,2025-08-01 08:00:00,16.916666666666668,26.318843006229482,1.1517877895316044,63
PSI200,102,2025-08-01 09:50:00,2025-08-01 22:15:00,12.416666666666666,23.272664104445486,1.721961875847309,46
PSI200,103,2025-08-02 03:05:00,2025-08-02 21:45:00,18.666666666666668,20.51747950232285,1.221388908849354,122
PSI200,104,2025-08-02 21:45:00,2025-08-03 01:15:00,3.5,21.483376657837972,0.7172950846721934,36
PSI200,105,2025-08-03 01:15:00,2025-08-03 18:30:00,17.25,22.070454087725867,1.0724673764891455,113
PSI200,106,2025-08-03 18:30:00,2025-08-04 03:15:00,8.75,22.42422369601934,1.8414634264583332,36
PSI200,107,2025-08-04 06:05:00,2025-08-04 20:20:00,14.25,22.58469255223494,1.1995872527731546,54
PSI200,108,2025-08-04 20:20:00,2025-08-05 00:25:00,4.083333333333333,24.449575121504814,1.8644589301644456,37
PSI200,109,2025-08-05 00:25:00,2025-08-05 06:40:00,6.25,23.629547674686755,1.6641642333915565,73
PSI200,110,2025-08-05 06:40:00,2025-08-05 13:55:00,7.25,24.439597148526687,1.6673698571019444,27
PSI200,111,2025-08-05 13:55:00,2025-08-06 15:10:00,25.25,26.454397879471305,1.051842308447455,83
PSI200,112,2025-08-06 15:10:00,2025-08-07 01:20:00,10.166666666666666,27.82098744543412,1.0106601005083389,68
PSI200,113,2025-08-07 01:20:00,2025-08-07 04:35:00,3.25,26.944467689621455,1.063069247212084,40
PSI200,114,2025-08-07 04:35:00,2025-08-08 04:30:00,23.916666666666668,27.400525342516953,2.0612853848068697,129
PSI200,115,2025-08-08 04:30:00,2025-08-08 10:35:00,6.083333333333333,29.757629166040395,3.001775927083643,71
PSI200,116,2025-08-08 10:35:00,2025-08-08 16:00:00,5.416666666666667,31.09577284847703,3.087893428090195,23
PSI200,117,2025-08-08 16:00:00,2025-08-09 05:05:00,13.083333333333334,28.902563211541146,2.5127462442077255,115
PSI200,118,2025-08-09 05:05:00,2025-08-09 12:25:00,7.333333333333333,27.98206270565139,1.2243190528333792,89
PSI200,119,2025-08-09 12:25:00,2025-08-09 22:25:00,10.0,30.457599632005458,1.9076500458325323,119
PSI200,120,2025-08-10 00:40:00,2025-08-10 06:10:00,5.5,28.148744924018228,0.8275933441571057,67
PSI200,121,2025-08-10 06:10:00,2025-08-10 15:50:00,9.666666666666666,29.22720965117351,2.4550234781356806,74
PSI200,122,2025-08-10 15:50:00,2025-08-12 10:40:00,42.833333333333336,28.389337544290285,3.0036273116925516,156
PSI200,123,2025-08-12 10:40:00,2025-08-12 14:25:00,3.75,24.207887011732844,2.6102412095325276,17
PSI200,124,2025-08-12 14:25:00,2025-08-15 00:10:00,57.75,24.070309807026707,1.3564174908278197,133
PSI200,125,2025-08-15 00:10:00,2025-08-15 03:20:00,3.1666666666666665,21.672943012252524,0.4456275874872335,39
PSI200,126,2025-08-15 03:20:00,2025-08-15 06:55:00,3.5833333333333335,20.76848908704418,0.6814567203843734,41
PSI200,127,2025-08-15 06:55:00,2025-08-15 21:25:00,14.5,21.871197766468047,0.9273168763150479,117
PSI200,128,2025-08-15 21:25:00,2025-08-16 01:30:00,4.083333333333333,22.400369648290084,0.45890741154154885,25
PSI200,129,2025-08-16 01:30:00,2025-08-17 02:40:00,25.166666666666668,22.537533936891535,0.5699654049946062,118
PSI200,130,2025-08-17 02:40:00,2025-08-18 00:20:00,21.666666666666668,22.599215980449813,0.7615977092308924,77
PSI200,131,2025-08-18 00:20:00,2025-08-18 21:05:00,20.75,23.487868685815922,0.6016513987434939,112
PSI200,132,2025-08-19 07:05:00,2025-08-19 16:15:00,9.166666666666666,23.082234014060614,1.0105128236446346,85
PSI200,133,2025-08-19 16:15:00,2025-08-19 19:20:00,3.0833333333333335,22.667568056323113,0.8920267551555013,26
PSI200,134,2025-08-19 19:20:00,2025-08-20 04:30:00,9.166666666666666,21.908880026562162,0.7094882143372726,94
PSI200,135,2025-08-20 04:30:00,2025-08-20 07:30:00,3.0,21.73291735311699,0.816540127296999,37
PSI200,136,2025-08-20 07:30:00,2025-08-21 01:45:00,18.25,22.818180240315613,1.0946190873442543,57
PSI200,137,2025-08-21 05:50:00,2025-08-22 21:50:00,40.0,19.192418394186536,2.591175689574211,249
PSI200,138,2025-08-23 04:55:00,2025-08-23 07:55:00,3.0,20.108995005407373,0.6925844296990116,37
PSI200,139,2025-08-23 09:35:00,2025-08-23 15:00:00,5.416666666666667,19.72398417919407,0.7896842246439704,56
PSI200,140,2025-08-23 15:00:00,2025-08-23 18:30:00,3.5,19.272824283264452,0.7316251400512329,21
PSI200,141,2025-08-23 18:30:00,2025-08-23 22:00:00,3.5,18.77473452507042,0.6812878891241727,22
