trial_number,value,state,datetime_start,datetime_complete,duration,param_Ore,param_WaterMill,param_WaterZumpf,param_PressureHC,param_DensityHC,param_MotorAmp,param_Shisti,param_Daiki
0,51.756046295166016,1,2025-07-14 09:51:21.316366,2025-07-14 09:51:21.321878,0.005512,180.34524982932336,10.3766211402537,176.02801296204126,0.49564646244157373,1637.1829938550386,189.92552551976294,0.17666426016585046,0.24259639260549967
1,52.49713134765625,1,2025-07-14 09:51:21.322881,2025-07-14 09:51:21.324885,0.002004,171.7733371431028,17.431144809381237,191.74950633860038,0.43222847697317834,1670.6219452195974,201.28122840547266,0.20137071185211047,0.3690536094692798
2,50.61146926879883,1,2025-07-14 09:51:21.325388,2025-07-14 09:51:21.326949,0.001561,185.6714049943014,7.723079816137116,225.2732678981157,0.3828292971124353,1785.499522896958,193.94797606649544,0.2596130011369967,0.16910185090893654
3,49.58695983886719,1,2025-07-14 09:51:21.326949,2025-07-14 09:51:21.329506,0.002557,187.05434465853133,10.61171053441442,174.06053994814013,0.47636511547864396,1794.3524414431777,195.42299110096266,0.21127027550133737,0.325817827128686
4,50.90945816040039,1,2025-07-14 09:51:21.329506,2025-07-14 09:51:21.331515,0.002009,184.28128217147963,7.466421131637086,246.84212645533,0.32714506987271,1713.3274725226188,183.482567021429,0.17152879793360498,0.20072101228835415
5,51.723838806152344,1,2025-07-14 09:51:21.332520,2025-07-14 09:51:21.334536,0.002016,169.2497099722881,16.637441234480313,226.01030285079514,0.448748862224841,1715.0057006514562,204.82170752842518,0.09849573024762213,0.36809389826811056
6,50.13733673095703,1,2025-07-14 09:51:21.335541,2025-07-14 09:51:21.337097,0.001556,188.57576449430894,12.994091330672415,227.84498981617241,0.41375442025210096,1738.603578050149,208.83209978635244,0.19145278181678338,0.14405103158747753
7,53.074283599853516,1,2025-07-14 09:51:21.337097,2025-07-14 09:51:21.340057,0.00296,167.72368465178124,17.814436867341822,178.84984432777392,0.37852222529682233,1623.5051288277612,206.4056638538612,0.12570375620055851,0.2417202019185506
8,50.70466232299805,1,2025-07-14 09:51:21.340057,2025-07-14 09:51:21.342058,0.002001,185.49514820165246,18.09891050080551,244.22856496481552,0.39365166314137623,1788.146145313956,194.87225932068398,0.060196720701985354,0.34465693893229665
9,50.83865737915039,1,2025-07-14 09:51:21.342058,2025-07-14 09:51:21.345075,0.003017,160.7349128803398,12.844625965296746,219.19464898024412,0.4650398070527626,1795.9379714615748,208.5439967993107,0.06917937192667938,0.30221929212006016
10,52.96470642089844,1,2025-07-14 09:51:21.345578,2025-07-14 09:51:21.373303,0.027725,199.38414662090796,19.542462128647756,161.12101354724615,0.34393842776764755,1602.5377510795975,219.17721363410317,0.11009658427450024,0.262431213310546
11,52.96470642089844,1,2025-07-14 09:51:21.373303,2025-07-14 09:51:21.400533,0.02723,198.1009119961158,19.45522643190716,161.93653680444532,0.34874772587952657,1609.4261654490915,219.52105430488479,0.12444895615161862,0.2623025060816935
12,53.627376556396484,1,2025-07-14 09:51:21.401036,2025-07-14 09:51:21.426982,0.025946,197.75336045585547,15.375831270342406,192.53083289984113,0.3548457023106592,1603.827224187246,219.95278497028093,0.13586609939794847,0.2377725464341462
13,54.55440902709961,1,2025-07-14 09:51:21.426982,2025-07-14 09:51:21.453070,0.026088,170.36289265669444,15.228991143180492,197.36308190781563,0.3002844914934954,1653.8092568465497,213.24324021015136,0.14361018081302343,0.10927679020871761
14,53.62762451171875,1,2025-07-14 09:51:21.453070,2025-07-14 09:51:21.479786,0.026716,193.3312179280049,14.94304877352096,200.23362839896254,0.30190495932601275,1659.9647732784815,213.9875190259431,0.15040303693995893,0.10786889449514914
15,53.93349075317383,1,2025-07-14 09:51:21.480289,2025-07-14 09:51:21.506913,0.026624,174.61794982220275,14.614240333434447,202.9676877678887,0.3011862391479685,1659.8730135569317,213.7059696887304,0.24469311043482897,0.10003610013036046
16,53.76597213745117,1,2025-07-14 09:51:21.506913,2025-07-14 09:51:21.533701,0.026788,174.22517559666335,14.618223340721013,212.01876710438705,0.3109922118170064,1673.452983475431,212.71026942424783,0.27738262042643613,0.10960732964790892
17,51.971221923828125,1,2025-07-14 09:51:21.534203,2025-07-14 09:51:21.560299,0.026096,177.26634849353115,11.068167279421477,207.46141041563484,0.32240028230246365,1690.4701243187526,212.71911812387833,0.24291279993595621,0.14861986498392746
18,53.32899856567383,1,2025-07-14 09:51:21.560299,2025-07-14 09:51:21.587044,0.026745,163.16574673245822,14.132292810039436,196.01624427293413,0.35814594244243847,1646.3584836495047,201.5617359227743,0.2286459748742879,0.19700116742367696
19,50.9780387878418,1,2025-07-14 09:51:21.587044,2025-07-14 09:51:21.614242,0.027198,165.5748539250703,16.15377832589746,184.4774066177943,0.32558186740081463,1745.3036550140005,214.12322237040533,0.28228784981767646,0.10151055597859757
20,52.401859283447266,1,2025-07-14 09:51:21.614762,2025-07-14 09:51:21.640992,0.02623,178.7842492392878,5.563108769560486,213.0883907002846,0.30366176612005746,1684.089772068507,180.09280558798253,0.15864960172168002,0.1370798720976442
21,53.45077133178711,1,2025-07-14 09:51:21.640992,2025-07-14 09:51:21.668217,0.027225,172.59719336828755,13.915634728067829,207.2253835635598,0.3145165472647106,1666.8221552597404,211.6878633444144,0.29467870788888784,0.11802340875310133
22,53.94169998168945,1,2025-07-14 09:51:21.668719,2025-07-14 09:51:21.695462,0.026743,173.79836062194101,11.801682565822253,214.3738958630901,0.30186717301340066,1644.1041340996426,215.7847535644575,0.2648057133383802,0.1760412337381277
23,53.485130310058594,1,2025-07-14 09:51:21.696465,2025-07-14 09:51:21.723203,0.026738,174.391613704788,11.615095432857894,201.7296771874032,0.33741891074609437,1644.3568532639008,216.7056638740653,0.24358600898985688,0.18711322827248728
24,53.557350158691406,1,2025-07-14 09:51:21.723203,2025-07-14 09:51:21.783671,0.060468,181.3413492745809,8.720216146817346,234.10463606663137,0.30151951045119985,1627.4968571970637,208.3541191832099,0.2221014484669167,0.16755938977537305
25,54.53095245361328,1,2025-07-14 09:51:21.784675,2025-07-14 09:51:21.811999,0.027324,169.1684203172374,11.76090527704874,218.10665640711574,0.36143630072597055,1654.998857113289,216.17656047167787,0.2532330172327035,0.13251379981383204
26,54.236934661865234,1,2025-07-14 09:51:21.812505,2025-07-14 09:51:21.839217,0.026712,168.84478181874107,9.611054181423679,214.79942193444498,0.36916377256876354,1623.1217399783925,216.59892333721467,0.2597403978003067,0.21681565721103158
27,54.11634826660156,1,2025-07-14 09:51:21.840221,2025-07-14 09:51:21.866852,0.026631,168.31170090182115,9.594875655389808,236.28080989928296,0.37171261919805176,1624.6088066649688,216.78747996858152,0.08940882113905929,0.22296492188868697
28,53.87527847290039,1,2025-07-14 09:51:21.867852,2025-07-14 09:51:21.895023,0.027171,164.88609872330053,8.97339499057177,218.2630024890565,0.40550668859266703,1617.5058637646803,210.27943538328367,0.19303934070298312,0.3976736871804523
29,54.65088653564453,1,2025-07-14 09:51:21.895527,2025-07-14 09:51:21.921701,0.026174,170.53922865480652,5.773215994306638,221.84269640570315,0.36344188910482805,1636.5585555246387,206.17376065658323,0.1781107269539525,0.2855328938389493
30,52.85148620605469,1,2025-07-14 09:51:21.921701,2025-07-14 09:51:21.950891,0.02919,170.5919719273692,7.392256404803322,237.56064693276323,0.4988510407860478,1699.240295261864,204.32389378439274,0.1827740660342513,0.2862269803119342
31,53.797855377197266,1,2025-07-14 09:51:21.950891,2025-07-14 09:51:21.980206,0.029315,166.4480118586517,5.697501411089612,221.50980087331754,0.36686474823689386,1639.170517428747,216.38365427644788,0.14131338863721338,0.2994757786751461
32,53.7292366027832,1,2025-07-14 09:51:21.980206,2025-07-14 09:51:22.008855,0.028649,162.14790679461782,6.415554720884213,229.25935203401934,0.3909417071161175,1653.6695539823984,198.31104882420001,0.16920209274622,0.12918551384795462
33,54.1543083190918,1,2025-07-14 09:51:22.008855,2025-07-14 09:51:22.038087,0.029232,170.60806574520427,9.72011042444426,212.16292242393567,0.41625759652947514,1630.4992076928709,210.5166849870561,0.2079657158931295,0.2161656408520235
34,52.11343765258789,1,2025-07-14 09:51:22.038087,2025-07-14 09:51:22.066763,0.028676,177.40111350144034,13.391556367182346,187.73714845386962,0.36420842280558746,1682.2992574454786,206.16960596328684,0.26177953555988553,0.15944503064906854
35,53.99243927001953,1,2025-07-14 09:51:22.066763,2025-07-14 09:51:22.096068,0.029305,163.98847092066927,12.157495782274395,221.8769271735559,0.38336375140119483,1612.254891717085,188.75776305645394,0.2952247379222559,0.28129356025487834
36,52.21220016479492,1,2025-07-14 09:51:22.096068,2025-07-14 09:51:22.125282,0.029214,181.41218113875888,8.47541318674891,196.43841151892516,0.43263304238055716,1637.1087898142878,202.40676259901363,0.2256862110435398,0.3272805766604398
37,53.31244659423828,1,2025-07-14 09:51:22.125790,2025-07-14 09:51:22.155928,0.030138,169.35115817068777,10.798917122177304,231.32779454413475,0.34027949452799744,1671.232471403334,197.6563903429273,0.16241682126237136,0.12607289382799325
38,52.76893615722656,1,2025-07-14 09:51:22.155928,2025-07-14 09:51:22.187020,0.031092,167.05530407079374,9.99118345871375,205.8031985711635,0.377965500593644,1715.5359987592965,214.89804567949457,0.27729291189718674,0.21945153992306624
39,54.74970626831055,1,2025-07-14 09:51:22.187020,2025-07-14 09:51:22.218867,0.031847,170.90539823467563,6.450601848730114,223.33381976133882,0.33157347809153825,1651.7185492883787,217.94459085514222,0.19858725029116753,0.15431725041938354
40,54.57875442504883,1,2025-07-14 09:51:22.219374,2025-07-14 09:51:22.248039,0.028665,171.3589406957992,7.392464521644369,242.34021890671175,0.33329100479653073,1653.98724692508,218.546896306699,0.1826670999295625,0.1626927586816422
41,53.96054458618164,1,2025-07-14 09:51:22.248039,2025-07-14 09:51:22.307474,0.059435,172.27619361314567,6.697819430703283,241.74832497752624,0.33330329024780014,1651.643614441328,219.35018944976193,0.18392979206748153,0.1574740896196513
42,54.2036247253418,1,2025-07-14 09:51:22.308069,2025-07-14 09:51:22.340555,0.032486,176.19242964616782,6.7423213048594475,225.99314234340943,0.3198992871121472,1661.925456949952,217.80381895508486,0.2037870195155409,0.14133050685658904
43,53.40971755981445,1,2025-07-14 09:51:22.341555,2025-07-14 09:51:22.370260,0.028705,171.21740338594103,5.201749828484971,246.6361132500188,0.350207061625961,1677.728637817628,210.38670610767582,0.17360512044440046,0.17659047810963766
44,53.769317626953125,1,2025-07-14 09:51:22.370260,2025-07-14 09:51:22.400973,0.030713,160.26770021372062,8.039049366513515,240.1870448634692,0.3314731919496436,1637.1412222265492,217.96627820805796,0.15087525751377262,0.12072460455782806
45,53.066280364990234,1,2025-07-14 09:51:22.400973,2025-07-14 09:51:22.430256,0.029283,169.82535152697218,6.015812609474201,248.62341796834653,0.34456639513337395,1695.1411278191704,206.91628668981312,0.21499172585757356,0.15200346436741718
46,53.151649475097656,1,2025-07-14 09:51:22.430256,2025-07-14 09:51:22.459867,0.029611,167.4284693137197,7.543980793945718,223.1482411886136,0.3569850502555549,1710.1138448625966,215.12326074684552,0.1968096180553827,0.1345399059972733
47,54.553401947021484,1,2025-07-14 09:51:22.459867,2025-07-14 09:51:22.489111,0.029244,172.70457814147318,16.382163954627806,218.61734075259918,0.31409995256598344,1658.3750416432795,203.81914522726711,0.13062283558298382,0.26253114736478805
48,54.69270706176758,1,2025-07-14 09:51:22.490115,2025-07-14 09:51:22.519332,0.029217,175.41978856170334,17.09006599465615,226.8648643788216,0.31585362421248614,1667.4563284254918,203.818485748792,0.1300784112813157,0.2538517233946912
49,54.24483871459961,1,2025-07-14 09:51:22.520336,2025-07-14 09:51:22.550593,0.030257,175.17174504007667,18.368014481401705,232.30022154419305,0.3272521812622329,1667.7367957049096,192.96166262900994,0.11499466244199408,0.2502983203770336
50,50.44009017944336,1,2025-07-14 09:51:22.551096,2025-07-14 09:51:22.580926,0.02983,183.32654974556712,17.024319704612,228.32509450283473,0.3117963808340215,1733.9190622567207,200.2856865969638,0.0946976067473777,0.311409938026189
51,54.497764587402344,1,2025-07-14 09:51:22.580926,2025-07-14 09:51:22.610084,0.029158,172.26873510307044,15.711808291860244,224.98308174565597,0.3133971073360689,1650.638065691203,205.42140653629002,0.13379093859911947,0.2659368267465693
52,53.65779113769531,1,2025-07-14 09:51:22.610084,2025-07-14 09:51:22.639746,0.029662,179.5715723677748,17.47065761829525,209.1626624775036,0.32021284201479455,1664.1864781032023,203.12956942451623,0.11272588329095959,0.23551350466315019
53,50.950740814208984,1,2025-07-14 09:51:22.640258,2025-07-14 09:51:22.669423,0.029165,173.08361245234798,18.47284523498319,169.2227982896909,0.33200757335318365,1777.1426949500267,207.70769791068275,0.15050597855759357,0.2826908337894151
54,54.72770690917969,1,2025-07-14 09:51:22.669423,2025-07-14 09:51:22.701116,0.031693,176.19988093069506,16.623619000935722,217.98789620095945,0.3096788585280547,1631.8975381980945,197.92265745712436,0.12850027321366314,0.25259457283190506
55,53.896446228027344,1,2025-07-14 09:51:22.701116,2025-07-14 09:51:22.730971,0.029855,175.76527468127796,15.59234863671426,198.75360551630285,0.3083441911848373,1629.617634394576,198.05725968395296,0.14290174464473848,0.19717381908534484
56,53.0732536315918,1,2025-07-14 09:51:22.730971,2025-07-14 09:51:22.761168,0.030197,177.84328259199373,18.90641282342154,190.56894923021258,0.31860091823428094,1616.6853475528167,193.0670215467596,0.11998496560232386,0.24807755932837472
57,53.89583969116211,1,2025-07-14 09:51:22.761671,2025-07-14 09:51:22.790949,0.029278,189.53907133690566,16.983799419436917,243.4154526776849,0.344458177895363,1635.2923426431425,200.42761070965267,0.10345931547933998,0.23576825030466003
58,54.377601623535156,1,2025-07-14 09:51:22.791950,2025-07-14 09:51:22.820131,0.028181,171.31950863650016,5.0119196414173235,234.8772631429327,0.30814044407120844,1643.7800976024935,195.50457424652964,0.0725634200544019,0.27066267739284616
59,54.05068588256836,1,2025-07-14 09:51:22.821634,2025-07-14 09:51:22.850779,0.029145,176.277468677964,15.058855724791647,209.64339783508248,0.32558784652277756,1601.7062959664665,212.56651481939247,0.16461552606204588,0.20666602702256467
60,52.32231903076172,1,2025-07-14 09:51:22.850779,2025-07-14 09:51:22.881084,0.030305,174.27497344872194,7.101319094962166,202.7735427907634,0.4755014583631739,1647.4497589669243,189.7900881344781,0.18856907447533708,0.32401265731219026
61,54.6076545715332,1,2025-07-14 09:51:22.881084,2025-07-14 09:51:22.911259,0.030175,173.50884346082822,16.4084177657186,216.88118397385347,0.316246946084272,1658.4829754826153,204.56822380496723,0.12887746649712598,0.2572216804272173
62,53.735687255859375,1,2025-07-14 09:51:22.911763,2025-07-14 09:51:22.940470,0.028707,173.29146828478002,16.071074790175302,221.39466571453153,0.33608450183031807,1675.4277094550268,201.51925820935224,0.12654735356019076,0.29268235813359306
63,52.34306716918945,1,2025-07-14 09:51:22.941470,2025-07-14 09:51:22.971702,0.030232,178.60885021805845,16.681256519840257,215.69660694557675,0.30715380893714045,1688.2327757448334,218.4968492894535,0.17857843222103423,0.2560461876080899
64,54.933589935302734,1,2025-07-14 09:51:22.971702,2025-07-14 09:51:23.002358,0.030656,170.01827956211184,17.845529360705704,230.33760891232725,0.3284748374328083,1641.195870334615,196.34577783397933,0.1565730844789783,0.229270099257573
65,53.92149353027344,1,2025-07-14 09:51:23.002358,2025-07-14 09:51:23.032685,0.030327,180.36063522132764,17.83225567314455,230.43390366587673,0.35038822672849085,1641.2990740851178,196.36625614956387,0.15610769375487424,0.23292428307410362
66,53.961036682128906,1,2025-07-14 09:51:23.033187,2025-07-14 09:51:23.062787,0.0296,165.94268762013897,19.127681831308117,227.60694737314708,0.32887075474990557,1632.5339224961822,191.66449895782586,0.13810264871998626,0.18765826119702259
67,53.85625076293945,1,2025-07-14 09:51:23.063293,2025-07-14 09:51:23.092010,0.028717,168.68671227261416,19.711920184090154,238.29900609549668,0.31770616329511403,1621.2455377929773,187.5526815086123,0.1705833044038492,0.22802946998370988
68,54.366981506347656,1,2025-07-14 09:51:23.093514,2025-07-14 09:51:23.121718,0.028204,176.8458256283738,17.14077131142598,224.8848905451505,0.33848344172655725,1657.0077290802114,200.0552339039592,0.10672977227327998,0.2734507196789387
69,53.90866470336914,1,2025-07-14 09:51:23.123245,2025-07-14 09:51:23.152359,0.029114,175.13157777180473,6.052383982965801,220.5423636986569,0.3239362113354509,1612.6560433923948,197.1386772880141,0.15622117854900344,0.24512258439374002
70,55.14059066772461,1,2025-07-14 09:51:23.152359,2025-07-14 09:51:23.183705,0.031346,171.46473790843257,18.056240661477908,231.95032613314856,0.34094355265064286,1647.9501905173886,198.5196316009694,0.12121996541640019,0.209264522265152
71,55.14605712890625,1,2025-07-14 09:51:23.183705,2025-07-14 09:51:23.214967,0.031262,170.68166529115774,17.764505607225505,232.25213654788243,0.3406810608545452,1645.9118694711372,199.2854627927674,0.08604360603766431,0.25675373452895084
72,55.04207229614258,1,2025-07-14 09:51:23.214967,2025-07-14 09:51:23.246229,0.031262,170.28732280399618,17.625469597175346,232.70646691584759,0.35418344280845515,1649.3820716301673,198.9583194380225,0.08462224484862582,0.25399702349951897
73,54.23093032836914,1,2025-07-14 09:51:23.247230,2025-07-14 09:51:23.276928,0.029698,168.0264084173815,18.008042711402933,232.31346982842462,0.3537902410686945,1646.1597103964111,194.64362774313886,0.07757549614416591,0.207249222866846
74,54.96806716918945,1,2025-07-14 09:51:23.276928,2025-07-14 09:51:23.306582,0.029654,170.08043531923784,17.52828774388815,233.52183660053285,0.3405255113074162,1626.2862350496134,199.21907190052488,0.054530960995310074,0.24154319426844909
75,54.611663818359375,1,2025-07-14 09:51:23.307588,2025-07-14 09:51:23.337275,0.029687,171.93532199263555,17.489296750420984,235.59229079911708,0.3427356765690621,1624.0489185633644,198.95349399434284,0.06071800947969361,0.2528591285349595
76,54.87586212158203,1,2025-07-14 09:51:23.337275,2025-07-14 09:51:23.366476,0.029201,169.9862136525699,18.28629821769749,233.2359157676557,0.3498716777147072,1607.0815081885107,195.98221383367766,0.0859316314779433,0.24089751250586003
77,54.06510925292969,1,2025-07-14 09:51:23.367476,2025-07-14 09:51:23.397237,0.029761,164.2517732414637,19.9687713790412,239.64371685794487,0.3469446057734249,1604.1705447282402,196.00853070560328,0.05285188508827333,0.22425861742519526
78,54.066009521484375,1,2025-07-14 09:51:23.397237,2025-07-14 09:51:23.426940,0.029703,167.19996251798756,18.837488427652545,233.1444579914172,0.35992516365303523,1608.1056776385858,199.05845961614693,0.08434290850065362,0.24163760179151178
79,54.824405670166016,1,2025-07-14 09:51:23.426940,2025-07-14 09:51:23.457049,0.030109,169.90375194596527,18.280888445189014,229.7435672152357,0.37077244831672795,1616.7506949568265,194.133087040085,0.0854259729876092,0.21242390002187606
80,53.790218353271484,1,2025-07-14 09:51:23.457049,2025-07-14 09:51:23.487843,0.030794,161.8008467948258,18.411245804414364,229.80709743993998,0.3792153593424187,1617.0872252506908,194.13135859918387,0.0650938539609443,0.18510826758447965
81,54.830570220947266,1,2025-07-14 09:51:23.487843,2025-07-14 09:51:23.518075,0.030232,169.84389715651363,19.244637036294165,237.51508263438234,0.3714737051283408,1626.5269496129956,197.14064106641936,0.08296648702020207,0.20985529117314847
82,54.82682800292969,1,2025-07-14 09:51:23.519078,2025-07-14 09:51:23.549281,0.030203,169.97691166776585,19.333942135107012,237.52780468399328,0.3717548138183061,1620.2838721658998,196.4838547720512,0.08106545109603383,0.21056021838610162
83,54.825660705566406,1,2025-07-14 09:51:23.549281,2025-07-14 09:51:23.580082,0.030801,169.55687619612112,19.285759632726837,236.56857310113418,0.37054857614857156,1608.2733719158834,196.6571583115285,0.08289968955350197,0.20812567237498608
84,54.23122024536133,1,2025-07-14 09:51:23.581087,2025-07-14 09:51:23.610248,0.029161,169.10222692840813,19.26527107920545,246.13949435861358,0.3912579586266972,1609.961799045418,196.5370745315269,0.07723145759043631,0.22858107816498896
85,54.195472717285156,1,2025-07-14 09:51:23.611251,2025-07-14 09:51:23.640503,0.029252,165.0981424526647,19.628572626392717,237.60782234057018,0.3858919117024475,1626.693304531391,199.13169510912724,0.09546085794011866,0.20011220743028382
86,53.898250579833984,1,2025-07-14 09:51:23.641504,2025-07-14 09:51:23.671772,0.030268,166.6123071419924,18.84825252181494,240.5123386860457,0.3542592919704853,1603.9196912718064,192.59393895988083,0.05075170413301344,0.20989752941255907
87,54.290245056152344,1,2025-07-14 09:51:23.671772,2025-07-14 09:51:23.700921,0.029149,167.91525627757747,17.70673342900535,234.70602923288632,0.4034837212166548,1620.0689603157537,196.99947422479323,0.10200084625226385,0.22155113936628665
88,54.82414627075195,1,2025-07-14 09:51:23.701924,2025-07-14 09:51:23.731426,0.029502,169.77647379069944,19.95562811923166,236.10426877458787,0.37450448191280683,1600.2657805157462,195.24335447090638,0.08990170359028143,0.1910533390913955
89,54.42319869995117,1,2025-07-14 09:51:23.732430,2025-07-14 09:51:23.762096,0.029666,168.4405922106732,18.610013865777457,238.09509197150427,0.3655622584651707,1612.0112365453574,202.4212367706409,0.07758659943715054,0.24118021878831902
90,55.08672332763672,1,2025-07-14 09:51:23.763100,2025-07-14 09:51:23.792715,0.029615,170.5722210867379,19.32237792448261,244.1703102229231,0.3604432414481496,1639.8668638031736,191.27122512672975,0.06932350499727573,0.17350833053856188
91,54.9586181640625,1,2025-07-14 09:51:23.793714,2025-07-14 09:51:23.822945,0.029231,170.22707938935065,19.317681349422454,244.51031104393047,0.3506402224524771,1639.6039199882787,191.71670047195974,0.06891231149225299,0.18122444724848613
92,54.830684661865234,1,2025-07-14 09:51:23.824455,2025-07-14 09:51:23.854133,0.029678,170.4784039236455,18.740696982407844,243.2730627586227,0.35012850310085036,1639.2176730341364,190.40849902475443,0.0693094969220428,0.19170631831956061
93,54.17868423461914,1,2025-07-14 09:51:23.854636,2025-07-14 09:51:23.884477,0.029841,171.01713417612095,17.99268194911387,248.8781384190063,0.35033207386964316,1640.464559728383,186.11101180193802,0.06809940320161653,0.1750478276969782
94,54.53963088989258,1,2025-07-14 09:51:23.884477,2025-07-14 09:51:23.915196,0.030719,171.87871365186936,18.7846558580351,244.44385587947343,0.34027205650143144,1647.1735587089636,191.4227558029664,0.0621796203327944,0.16566401955583557
95,53.763702392578125,1,2025-07-14 09:51:23.915702,2025-07-14 09:51:23.945959,0.030257,166.4302946589322,18.21489787077467,244.3961598201515,0.35945183110557327,1628.389934148754,189.9619471517934,0.07107201263709186,0.17828634231335183
96,55.06640625,1,2025-07-14 09:51:23.945959,2025-07-14 09:51:23.976790,0.030831,170.54467062692137,17.59039192677401,245.79513682203924,0.35432921874636203,1636.0124533637659,190.9683288326646,0.05574582556311637,0.19157496982930333
97,53.909278869628906,1,2025-07-14 09:51:23.976790,2025-07-14 09:51:24.006437,0.029647,172.7727056047194,17.671932922013628,246.35239662251598,0.34759920710311354,1634.7757431499272,185.44594046922734,0.054746668587873665,0.19330588992322165
98,54.94499969482422,1,2025-07-14 09:51:24.006437,2025-07-14 09:51:24.037176,0.030739,170.7851606445814,17.365848873976674,249.0371057113157,0.352620040857371,1641.348211949526,190.58830468511562,0.056405979234771815,0.1822946546250459
99,53.7299919128418,1,2025-07-14 09:51:24.037176,2025-07-14 09:51:24.067420,0.030244,167.87500971201814,17.217307433917107,249.3353004525951,0.3557175809740563,1649.311493109516,187.40303541935484,0.05567268940800821,0.2018318018731461
100,54.51365280151367,1,2025-07-14 09:51:24.067420,2025-07-14 09:51:24.097171,0.029751,174.13322919270084,17.421177793389884,240.7259742533886,0.3354743566117003,1643.014219489027,191.82877513133514,0.057581044724561485,0.17184282501154782
101,54.87876892089844,1,2025-07-14 09:51:24.098174,2025-07-14 09:51:24.128953,0.030779,170.6244177601881,18.048538172119446,244.50727490825983,0.3527793373047078,1637.2457430005331,189.51089471043656,0.07101541297494798,0.183098473097505
102,54.16191101074219,1,2025-07-14 09:51:24.128953,2025-07-14 09:51:24.160170,0.031217,171.69863770952915,18.278816039494963,249.91020731505273,0.3628971045400112,1632.9798358622595,188.39823433943195,0.06487056173751367,0.18197821396763827
103,55.16111755371094,1,2025-07-14 09:51:24.160170,2025-07-14 09:51:24.192497,0.032327,170.62931548116913,17.68097365095084,247.89066072503815,0.34291808523567924,1636.6179445779994,200.8738313333733,0.08942764724665575,0.14779145511969144
104,54.359466552734375,1,2025-07-14 09:51:24.192497,2025-07-14 09:51:24.223243,0.030746,168.99703111010288,16.773816711255467,247.12601958098938,0.3420448490897071,1636.7812479693575,190.6537976716476,0.0921118753451975,0.14484485622897542
105,55.23318099975586,1,2025-07-14 09:51:24.224772,2025-07-14 09:51:24.253938,0.029166,171.22915986129047,17.968143360873746,245.23769411782675,0.3453497579242594,1654.8313590663577,200.96709729972974,0.07417169724154557,0.16099421516934084
106,54.56141662597656,1,2025-07-14 09:51:24.255445,2025-07-14 09:51:24.285679,0.030234,172.61042567165467,17.362593347760228,246.92585681454545,0.34498891614210486,1662.8514366276272,201.03342303448494,0.0749562553294402,0.1665240858717457
107,55.2979621887207,1,2025-07-14 09:51:24.285679,2025-07-14 09:51:24.315881,0.030202,171.27765558839167,17.708445881377383,242.4274263813444,0.3379761213753553,1652.3710606215705,199.6842397844188,0.09850199454481132,0.15029163582711277
108,55.13323974609375,1,2025-07-14 09:51:24.315881,2025-07-14 09:51:24.345552,0.029671,171.57059719199393,16.065669130538286,242.13971077203954,0.33837992529209215,1655.2147840865077,201.13770748628457,0.05888590003678881,0.1518519363568214
109,54.69926834106445,1,2025-07-14 09:51:24.347054,2025-07-14 09:51:24.376858,0.029804,173.90330701201572,16.356186497235615,242.12926763490825,0.33696398982812786,1653.7556404118002,202.2846708080821,0.06192834423816222,0.15320895629284353
110,54.741920471191406,1,2025-07-14 09:51:24.376858,2025-07-14 09:51:24.408581,0.031723,171.81627308035866,16.069581264062105,239.3129729200126,0.3402879948246194,1651.0915092286812,199.53947904036275,0.05028132401242885,0.14029248682507633
111,55.35116958618164,1,2025-07-14 09:51:24.408581,2025-07-14 09:51:24.438916,0.030335,171.11891684467253,16.931294446195945,245.125702131961,0.3461049427352746,1643.6956600389824,200.7413389181935,0.097870033198792,0.16045641535623645
112,54.8099365234375,1,2025-07-14 09:51:24.439419,2025-07-14 09:51:24.470254,0.030835,173.1321533600423,16.872522007795485,241.64439956762757,0.3342886581849626,1655.5683964075058,200.92868516919816,0.09844317310537715,0.1486263136559926
113,55.223594665527344,1,2025-07-14 09:51:24.471757,2025-07-14 09:51:24.504020,0.032263,171.24257812543448,17.695429300197127,243.2952272565379,0.3450165527063094,1645.2139147993112,202.99945692654507,0.08979489305888895,0.16116051979373888
114,54.11484146118164,1,2025-07-14 09:51:24.504020,2025-07-14 09:51:24.537861,0.033841,194.86386300069088,17.793276906874606,245.7390858609699,0.34542893301395167,1645.7117691207086,203.34606486231232,0.11628264839367103,0.12132250924376593
115,55.31475830078125,1,2025-07-14 09:51:24.538865,2025-07-14 09:51:24.570184,0.031319,171.44526035115044,15.900062800061864,247.8310665700199,0.3577986813245217,1659.7540066758143,201.84177954174862,0.09808551592287083,0.15803565244701875
116,54.87330627441406,1,2025-07-14 09:51:24.571687,2025-07-14 09:51:24.602303,0.030616,174.64249464492622,15.872037545211366,248.09096962204714,0.3575055345589109,1662.0892125833652,202.14912699472256,0.10893381305432528,0.15676142496860898
117,53.40877914428711,1,2025-07-14 09:51:24.602303,2025-07-14 09:51:24.633084,0.030781,171.57193514557633,16.613097003959254,242.47277989944382,0.4292895813009873,1667.3039214244156,180.56498579646765,0.10477274911476027,0.16097444102214056
118,53.38974380493164,1,2025-07-14 09:51:24.633591,2025-07-14 09:51:24.664249,0.030658,168.65533749408416,16.281272150595584,245.29510740293594,0.3301512643990836,1679.2596426370815,205.45468849227223,0.09899470848124324,0.13315445051896435
119,53.520145416259766,1,2025-07-14 09:51:24.664249,2025-07-14 09:51:24.694995,0.030746,172.48253581364403,14.438562333408566,247.41199606559687,0.3608101946212055,1671.715271781817,200.64259400972048,0.08973513857576323,0.16971662240994326
120,54.78467559814453,1,2025-07-14 09:51:24.694995,2025-07-14 09:51:24.726184,0.031189,173.60500454833362,15.613140305311601,242.85532096227757,0.3458238071842663,1650.4407412787248,201.4408218789691,0.09332802812842719,0.14802573162793203
121,55.198883056640625,1,2025-07-14 09:51:24.726688,2025-07-14 09:51:24.758259,0.031571,171.14880311471197,17.61882107369769,241.34921551299664,0.33964198010740665,1656.8968365332114,198.46414188217378,0.07816333202904832,0.16231088620292214
122,55.26264190673828,1,2025-07-14 09:51:24.758259,2025-07-14 09:51:24.789041,0.030782,171.26650231552273,17.046980470647437,239.73208541736432,0.3393955065442715,1658.3613606472816,199.90007866599933,0.07933515879193288,0.13880064821291938
123,55.28203201293945,1,2025-07-14 09:51:24.790045,2025-07-14 09:51:24.821314,0.031269,171.03323230601342,17.074977333623902,239.48596279140096,0.33666024075328643,1661.0514389525226,198.1632370880374,0.07883333566845148,0.1268819453196317
124,55.201961517333984,1,2025-07-14 09:51:24.821314,2025-07-14 09:51:24.853609,0.032295,171.31461719041263,16.706368172406375,240.21036292485,0.3232742690499216,1657.9170558688122,198.34326906406343,0.07916274000497353,0.14005138268137404
125,55.13111114501953,1,2025-07-14 09:51:24.854111,2025-07-14 09:51:24.884459,0.030348,171.58775414416792,16.88967849595027,240.50308104691294,0.3259421360736861,1658.5375365513662,198.4886600028723,0.07912673166091817,0.1421866972561361
126,54.645408630371094,1,2025-07-14 09:51:24.884459,2025-07-14 09:51:24.916737,0.032278,172.36414802348926,17.130700088529316,239.90453905477762,0.3211056507809326,1664.8036136239168,199.9438946094201,0.12201980564079454,0.11266889954701373
127,54.90256881713867,1,2025-07-14 09:51:24.917240,2025-07-14 09:51:24.952513,0.035273,174.7519543104948,16.58073893110199,238.99902286855516,0.3377591287335386,1658.7385168503683,197.99924779090108,0.09781158609605246,0.12744001751874404
128,54.914451599121094,1,2025-07-14 09:51:24.954017,2025-07-14 09:51:24.991834,0.037817,171.400532285636,15.23560329667047,241.54856723266394,0.33267995011394724,1654.630548378916,203.32139728194062,0.08851207798807854,0.1337275042885453
129,54.194793701171875,1,2025-07-14 09:51:24.991834,2025-07-14 09:51:25.023105,0.031271,173.1490516807234,16.111105659848775,243.07009526711593,0.32376009821379825,1670.2354190340322,201.76653771329165,0.07502633182841928,0.1602533214905054
130,54.47218704223633,1,2025-07-14 09:51:25.024614,2025-07-14 09:51:25.055785,0.031171,169.05977462342608,14.845169142508416,236.01386214963833,0.34248781102793047,1661.1160991427334,200.28125318221856,0.11101420081215485,0.13772555799503067
131,55.24335861206055,1,2025-07-14 09:51:25.055785,2025-07-14 09:51:25.087077,0.031292,171.50198839522366,16.934939152668065,240.97426921316247,0.330180407591841,1656.4993562524778,198.3838174662023,0.10130988720352971,0.14488709959337745
132,54.788536071777344,1,2025-07-14 09:51:25.087077,2025-07-14 09:51:25.118810,0.031733,172.30293871766656,17.057488763597053,239.0083788198234,0.3371340471246688,1655.6446697987537,199.9201607681374,0.10054776663499959,0.1485078161670779
133,55.16606521606445,1,2025-07-14 09:51:25.119813,2025-07-14 09:51:25.150966,0.031153,171.25928082246665,18.026566766538053,241.45514203036612,0.3295364783731981,1645.8699574152101,197.60804655096615,0.08881912438434954,0.12286043417924378
134,54.754241943359375,1,2025-07-14 09:51:25.150966,2025-07-14 09:51:25.184876,0.03391,173.18360758093004,18.0133298268794,249.98478878393502,0.3276121969939579,1646.0366778373293,197.55289763786593,0.09503606134831646,0.11381323673928065
135,54.23347473144531,1,2025-07-14 09:51:25.184876,2025-07-14 09:51:25.218112,0.033236,169.16556890591505,17.84971956713475,240.7628808088415,0.33072927445167694,1665.2354571201672,198.79914371440847,0.0864227056605664,0.12868009610719222
136,53.81037902832031,1,2025-07-14 09:51:25.218112,2025-07-14 09:51:25.253141,0.035029,170.97426121510784,18.523775363271824,247.36659321526508,0.335284504758099,1675.2862434988936,197.8520061226232,0.09142486360721505,0.12551611328195683
137,53.89525604248047,1,2025-07-14 09:51:25.253141,2025-07-14 09:51:25.285510,0.032369,188.04145748283744,13.462461604433548,234.8441633435796,0.32175926598075416,1648.8357594041013,199.55042299628525,0.10533863697023327,0.102955040967533
138,53.12784194946289,1,2025-07-14 09:51:25.285510,2025-07-14 09:51:25.317675,0.032165,167.55230873285095,17.354644041442523,183.1232798936707,0.3292910338122201,1660.3271616719987,202.79569466222188,0.07993719756032713,0.12066485031941535
139,54.67325973510742,1,2025-07-14 09:51:25.318178,2025-07-14 09:51:25.348843,0.030665,173.61913837295364,16.902788741454543,243.38045133324025,0.3471204068222891,1645.3594117769412,198.3486499028318,0.08202231048420598,0.14289414446952148
140,53.88751983642578,1,2025-07-14 09:51:25.348843,2025-07-14 09:51:25.380103,0.03126,168.4740587927423,16.568396302692705,245.05461133165744,0.34268018457156607,1669.4125470718654,200.5557242920138,0.08759506617129303,0.15536480488117782
141,55.11837387084961,1,2025-07-14 09:51:25.380103,2025-07-14 09:51:25.411239,0.031136,171.66205740556995,17.236482113628096,241.92707410212603,0.33946298593791496,1652.092049101091,201.38812355502196,0.07652181268513532,0.15274815669054123
142,55.32505798339844,1,2025-07-14 09:51:25.411239,2025-07-14 09:51:25.443451,0.032212,170.96130637904503,18.075166009664958,236.92495311682234,0.33268469210131724,1656.203666967782,204.17592139593808,0.0937385387065412,0.1606068736281144
143,55.32505798339844,1,2025-07-14 09:51:25.443954,2025-07-14 09:51:25.475152,0.031198,170.93285604240432,18.06951984024088,237.37122110839144,0.33356027306186004,1643.9939148970197,204.7880502350692,0.1162738880830808,0.1628698013972722
144,55.10139083862305,1,2025-07-14 09:51:25.475152,2025-07-14 09:51:25.506747,0.031595,169.45240256479548,17.67148093313182,238.16363100339976,0.3345212498279488,1657.6417325867192,204.9652478068376,0.09518319244038795,0.1627763471145734
145,54.609439849853516,1,2025-07-14 09:51:25.506747,2025-07-14 09:51:25.538579,0.031832,172.33538054528626,18.19828051247285,238.98443480283106,0.32358861127474503,1643.6709229512978,203.81453310323027,0.10156210783942078,0.16859561290239114
146,55.316429138183594,1,2025-07-14 09:51:25.538579,2025-07-14 09:51:25.569829,0.03125,171.02779007077973,17.17161228521678,237.65706236512852,0.3314955477180014,1651.760593839246,207.6999843830807,0.10928735082961497,0.13698536433047215
147,55.34613037109375,1,2025-07-14 09:51:25.569829,2025-07-14 09:51:25.601501,0.031672,170.96197143436993,18.561429290778346,236.27127866192927,0.33154161266596527,1663.8100398593626,205.74109583127142,0.11439279044005611,0.13746394364560618
148,54.87225341796875,1,2025-07-14 09:51:25.602004,2025-07-14 09:51:25.633886,0.031882,174.16557392649105,18.61327902670596,236.8398092462736,0.3263882867925468,1652.4558173682633,207.56507170605846,0.11379071108017225,0.13741542075170662
149,54.7562370300293,1,2025-07-14 09:51:25.634889,2025-07-14 09:51:25.666590,0.031701,172.92153525839166,17.13968357386669,235.66941570364824,0.3315762272451614,1663.2906085358727,206.388946562647,0.107709419762857,0.13064270576774967
